2026-06-06 13:24:10,411 [INFO] live.engine: Bot starting — bybit BTC/USDT:USDT mode=PAPER
2026-06-06 13:24:12,658 [INFO] live.engine: First candle seen: 2026-06-06 04:00:00+00:00 — will not trade this one
2026-06-06 13:36:32,505 [INFO] run: Shutdown signal received, exiting...
2026-06-06 13:36:35,947 [INFO] live.engine: Restored 0 open position(s) across 1 symbols
2026-06-06 13:36:35,947 [INFO] live.engine: Bot starting — bybit 1 symbols mode=PAPER
2026-06-06 13:36:38,202 [INFO] live.engine: BTC/USDT:USDT: first candle seen 2026-06-06 04:00:00+00:00 — will not trade this one
2026-06-06 13:36:42,102 [INFO] run: Shutdown signal received, exiting...
2026-06-06 13:36:53,765 [INFO] live.engine: Restored 0 open position(s) across 20 symbols
2026-06-06 13:36:53,766 [INFO] live.engine: Bot starting — bybit 20 symbols mode=PAPER
2026-06-06 13:36:56,126 [INFO] live.engine: BTC/USDT:USDT: first candle seen 2026-06-06 04:00:00+00:00 — will not trade this one
2026-06-06 13:36:58,495 [INFO] live.engine: ETH/USDT:USDT: first candle seen 2026-06-06 04:00:00+00:00 — will not trade this one
2026-06-06 13:37:00,702 [INFO] live.engine: SOL/USDT:USDT: first candle seen 2026-06-06 04:00:00+00:00 — will not trade this one
2026-06-06 13:37:02,969 [INFO] live.engine: BNB/USDT:USDT: first candle seen 2026-06-06 04:00:00+00:00 — will not trade this one
2026-06-06 13:37:05,341 [INFO] live.engine: XRP/USDT:USDT: first candle seen 2026-06-06 04:00:00+00:00 — will not trade this one
2026-06-06 13:37:07,626 [INFO] live.engine: ADA/USDT:USDT: first candle seen 2026-06-06 04:00:00+00:00 — will not trade this one
2026-06-06 13:37:09,861 [INFO] live.engine: DOGE/USDT:USDT: first candle seen 2026-06-06 04:00:00+00:00 — will not trade this one
2026-06-06 13:37:12,018 [INFO] live.engine: DOT/USDT:USDT: first candle seen 2026-06-06 04:00:00+00:00 — will not trade this one
2026-06-06 13:37:14,151 [INFO] live.engine: AVAX/USDT:USDT: first candle seen 2026-06-06 04:00:00+00:00 — will not trade this one
2026-06-06 13:37:16,431 [INFO] live.engine: LINK/USDT:USDT: first candle seen 2026-06-06 04:00:00+00:00 — will not trade this one
2026-06-06 13:37:20,722 [INFO] live.engine: UNI/USDT:USDT: first candle seen 2026-06-06 04:00:00+00:00 — will not trade this one
2026-06-06 13:37:23,033 [INFO] live.engine: ATOM/USDT:USDT: first candle seen 2026-06-06 04:00:00+00:00 — will not trade this one
2026-06-06 13:37:25,268 [INFO] live.engine: LTC/USDT:USDT: first candle seen 2026-06-06 04:00:00+00:00 — will not trade this one
2026-06-06 13:37:27,453 [INFO] live.engine: BCH/USDT:USDT: first candle seen 2026-06-06 04:00:00+00:00 — will not trade this one
2026-06-06 13:37:29,713 [INFO] live.engine: APT/USDT:USDT: first candle seen 2026-06-06 04:00:00+00:00 — will not trade this one
2026-06-06 13:37:32,069 [INFO] live.engine: ARB/USDT:USDT: first candle seen 2026-06-06 04:00:00+00:00 — will not trade this one
2026-06-06 13:37:34,340 [INFO] live.engine: OP/USDT:USDT: first candle seen 2026-06-06 04:00:00+00:00 — will not trade this one
2026-06-06 13:37:36,597 [INFO] live.engine: SUI/USDT:USDT: first candle seen 2026-06-06 04:00:00+00:00 — will not trade this one
2026-06-06 13:40:29,442 [INFO] run: Shutdown signal received, exiting...
2026-06-06 13:40:41,268 [INFO] live.executor: [LIVE] Leverage 1x, cross margin set for 20 symbols
2026-06-06 13:40:41,271 [INFO] live.engine: Restored 0 open position(s) across 20 symbols
2026-06-06 13:40:41,272 [INFO] live.engine: Bot starting — bybit 20 symbols mode=LIVE
2026-06-06 13:40:45,085 [WARNING] live.engine: MATIC/USDT:USDT: could not fetch price
2026-06-06 13:40:46,097 [WARNING] live.engine: PEPE/USDT:USDT: could not fetch price
2026-06-06 13:40:48,812 [INFO] live.engine: BTC/USDT:USDT: first candle seen 2026-06-06 04:00:00+00:00 — will not trade this one
2026-06-06 13:40:51,033 [INFO] live.engine: ETH/USDT:USDT: first candle seen 2026-06-06 04:00:00+00:00 — will not trade this one
2026-06-06 13:40:53,476 [INFO] live.engine: SOL/USDT:USDT: first candle seen 2026-06-06 04:00:00+00:00 — will not trade this one
2026-06-06 13:40:55,643 [INFO] live.engine: BNB/USDT:USDT: first candle seen 2026-06-06 04:00:00+00:00 — will not trade this one
2026-06-06 13:40:57,982 [INFO] live.engine: XRP/USDT:USDT: first candle seen 2026-06-06 04:00:00+00:00 — will not trade this one
2026-06-06 13:41:00,518 [INFO] live.engine: ADA/USDT:USDT: first candle seen 2026-06-06 04:00:00+00:00 — will not trade this one
2026-06-06 13:41:02,813 [INFO] live.engine: DOGE/USDT:USDT: first candle seen 2026-06-06 04:00:00+00:00 — will not trade this one
2026-06-06 13:41:05,151 [INFO] live.engine: DOT/USDT:USDT: first candle seen 2026-06-06 04:00:00+00:00 — will not trade this one
2026-06-06 13:41:07,279 [INFO] live.engine: AVAX/USDT:USDT: first candle seen 2026-06-06 04:00:00+00:00 — will not trade this one
2026-06-06 13:41:09,460 [INFO] live.engine: LINK/USDT:USDT: first candle seen 2026-06-06 04:00:00+00:00 — will not trade this one
2026-06-06 13:41:13,974 [INFO] live.engine: UNI/USDT:USDT: first candle seen 2026-06-06 04:00:00+00:00 — will not trade this one
2026-06-06 13:41:16,183 [INFO] live.engine: ATOM/USDT:USDT: first candle seen 2026-06-06 04:00:00+00:00 — will not trade this one
2026-06-06 13:41:18,370 [INFO] live.engine: LTC/USDT:USDT: first candle seen 2026-06-06 04:00:00+00:00 — will not trade this one
2026-06-06 13:41:20,621 [INFO] live.engine: BCH/USDT:USDT: first candle seen 2026-06-06 04:00:00+00:00 — will not trade this one
2026-06-06 13:41:22,800 [INFO] live.engine: APT/USDT:USDT: first candle seen 2026-06-06 04:00:00+00:00 — will not trade this one
2026-06-06 13:41:24,956 [INFO] live.engine: ARB/USDT:USDT: first candle seen 2026-06-06 04:00:00+00:00 — will not trade this one
2026-06-06 13:41:27,165 [INFO] live.engine: OP/USDT:USDT: first candle seen 2026-06-06 04:00:00+00:00 — will not trade this one
2026-06-06 13:41:29,716 [INFO] live.engine: SUI/USDT:USDT: first candle seen 2026-06-06 04:00:00+00:00 — will not trade this one
2026-06-06 13:41:32,785 [ERROR] live.engine: Tick error: 'LiveExecutor' object has no attribute 'equity'
Traceback (most recent call last):
  File "C:\Users\rcristobal\Downloads\Crypto\trading_bot\live\engine.py", line 83, in start
    self._tick()
    ~~~~~~~~~~^^
  File "C:\Users\rcristobal\Downloads\Crypto\trading_bot\live\engine.py", line 134, in _tick
    self._check_safety()
    ~~~~~~~~~~~~~~~~~~^^
  File "C:\Users\rcristobal\Downloads\Crypto\trading_bot\live\engine.py", line 262, in _check_safety
    equity = self.executor.equity
             ^^^^^^^^^^^^^^^^^^^^
AttributeError: 'LiveExecutor' object has no attribute 'equity'
2026-06-06 13:42:31,293 [INFO] run: Shutdown signal received, exiting...
2026-06-06 13:42:46,805 [INFO] live.executor: [LIVE] Leverage 1x, cross margin set for 20 symbols
2026-06-06 13:42:46,808 [INFO] live.engine: Restored 0 open position(s) across 20 symbols
2026-06-06 13:42:46,808 [INFO] live.engine: Bot starting — bybit 20 symbols mode=LIVE
2026-06-06 13:42:50,439 [WARNING] live.engine: MATIC/USDT:USDT: could not fetch price
2026-06-06 13:42:51,377 [WARNING] live.engine: PEPE/USDT:USDT: could not fetch price
2026-06-06 13:42:53,639 [INFO] live.engine: BTC/USDT:USDT: first candle seen 2026-06-06 04:00:00+00:00 — will not trade this one
2026-06-06 13:42:56,118 [INFO] live.engine: ETH/USDT:USDT: first candle seen 2026-06-06 04:00:00+00:00 — will not trade this one
2026-06-06 13:42:58,429 [INFO] live.engine: SOL/USDT:USDT: first candle seen 2026-06-06 04:00:00+00:00 — will not trade this one
2026-06-06 13:43:00,678 [INFO] live.engine: BNB/USDT:USDT: first candle seen 2026-06-06 04:00:00+00:00 — will not trade this one
2026-06-06 13:43:03,111 [INFO] live.engine: XRP/USDT:USDT: first candle seen 2026-06-06 04:00:00+00:00 — will not trade this one
2026-06-06 13:43:05,280 [INFO] live.engine: ADA/USDT:USDT: first candle seen 2026-06-06 04:00:00+00:00 — will not trade this one
2026-06-06 13:43:07,461 [INFO] live.engine: DOGE/USDT:USDT: first candle seen 2026-06-06 04:00:00+00:00 — will not trade this one
2026-06-06 13:43:09,806 [INFO] live.engine: DOT/USDT:USDT: first candle seen 2026-06-06 04:00:00+00:00 — will not trade this one
2026-06-06 13:43:12,035 [INFO] live.engine: AVAX/USDT:USDT: first candle seen 2026-06-06 04:00:00+00:00 — will not trade this one
2026-06-06 13:43:14,546 [INFO] live.engine: LINK/USDT:USDT: first candle seen 2026-06-06 04:00:00+00:00 — will not trade this one
2026-06-06 13:43:18,848 [INFO] live.engine: UNI/USDT:USDT: first candle seen 2026-06-06 04:00:00+00:00 — will not trade this one
2026-06-06 13:43:21,086 [INFO] live.engine: ATOM/USDT:USDT: first candle seen 2026-06-06 04:00:00+00:00 — will not trade this one
2026-06-06 13:43:23,246 [INFO] live.engine: LTC/USDT:USDT: first candle seen 2026-06-06 04:00:00+00:00 — will not trade this one
2026-06-06 13:43:25,522 [INFO] live.engine: BCH/USDT:USDT: first candle seen 2026-06-06 04:00:00+00:00 — will not trade this one
2026-06-06 13:43:27,679 [INFO] live.engine: APT/USDT:USDT: first candle seen 2026-06-06 04:00:00+00:00 — will not trade this one
2026-06-06 13:43:30,057 [INFO] live.engine: ARB/USDT:USDT: first candle seen 2026-06-06 04:00:00+00:00 — will not trade this one
2026-06-06 13:43:32,479 [INFO] live.engine: OP/USDT:USDT: first candle seen 2026-06-06 04:00:00+00:00 — will not trade this one
2026-06-06 13:43:34,658 [INFO] live.engine: SUI/USDT:USDT: first candle seen 2026-06-06 04:00:00+00:00 — will not trade this one
2026-06-06 13:43:36,619 [ERROR] live.engine: Tick error: 'LiveExecutor' object has no attribute 'equity'
Traceback (most recent call last):
  File "C:\Users\rcristobal\Downloads\Crypto\trading_bot\live\engine.py", line 83, in start
    self._tick()
    ~~~~~~~~~~^^
  File "C:\Users\rcristobal\Downloads\Crypto\trading_bot\live\engine.py", line 134, in _tick
    self._check_safety()
    ~~~~~~~~~~~~~~~~~~^^
  File "C:\Users\rcristobal\Downloads\Crypto\trading_bot\live\engine.py", line 262, in _check_safety
    equity = self.executor.equity
             ^^^^^^^^^^^^^^^^^^^^
AttributeError: 'LiveExecutor' object has no attribute 'equity'
2026-06-06 13:44:37,775 [WARNING] live.engine: MATIC/USDT:USDT: could not fetch price
2026-06-06 13:44:38,704 [WARNING] live.engine: PEPE/USDT:USDT: could not fetch price
2026-06-06 13:44:41,859 [INFO] run: Shutdown signal received, exiting...
2026-06-06 13:44:57,427 [INFO] live.executor: [LIVE] Leverage 1x, cross margin set for 18 symbols
2026-06-06 13:44:57,430 [INFO] live.engine: Restored 0 open position(s) across 18 symbols
2026-06-06 13:44:57,430 [INFO] live.engine: Bot starting — bybit 18 symbols mode=LIVE
2026-06-06 13:45:04,546 [INFO] live.engine: BTC/USDT:USDT: first candle seen 2026-06-06 04:00:00+00:00 — will not trade this one
2026-06-06 13:45:06,793 [INFO] live.engine: ETH/USDT:USDT: first candle seen 2026-06-06 04:00:00+00:00 — will not trade this one
2026-06-06 13:45:08,969 [INFO] live.engine: SOL/USDT:USDT: first candle seen 2026-06-06 04:00:00+00:00 — will not trade this one
2026-06-06 13:45:11,210 [INFO] live.engine: BNB/USDT:USDT: first candle seen 2026-06-06 04:00:00+00:00 — will not trade this one
2026-06-06 13:45:13,842 [INFO] live.engine: XRP/USDT:USDT: first candle seen 2026-06-06 04:00:00+00:00 — will not trade this one
2026-06-06 13:45:16,013 [INFO] live.engine: ADA/USDT:USDT: first candle seen 2026-06-06 04:00:00+00:00 — will not trade this one
2026-06-06 13:45:18,145 [INFO] live.engine: DOGE/USDT:USDT: first candle seen 2026-06-06 04:00:00+00:00 — will not trade this one
2026-06-06 13:45:21,064 [INFO] live.engine: DOT/USDT:USDT: first candle seen 2026-06-06 04:00:00+00:00 — will not trade this one
2026-06-06 13:45:23,193 [INFO] live.engine: AVAX/USDT:USDT: first candle seen 2026-06-06 04:00:00+00:00 — will not trade this one
2026-06-06 13:45:25,398 [INFO] live.engine: LINK/USDT:USDT: first candle seen 2026-06-06 04:00:00+00:00 — will not trade this one
2026-06-06 13:45:27,911 [INFO] live.engine: UNI/USDT:USDT: first candle seen 2026-06-06 04:00:00+00:00 — will not trade this one
2026-06-06 13:45:30,150 [INFO] live.engine: ATOM/USDT:USDT: first candle seen 2026-06-06 04:00:00+00:00 — will not trade this one
2026-06-06 13:45:32,696 [INFO] live.engine: LTC/USDT:USDT: first candle seen 2026-06-06 04:00:00+00:00 — will not trade this one
2026-06-06 13:45:35,013 [INFO] live.engine: BCH/USDT:USDT: first candle seen 2026-06-06 04:00:00+00:00 — will not trade this one
2026-06-06 13:45:37,848 [INFO] live.engine: APT/USDT:USDT: first candle seen 2026-06-06 04:00:00+00:00 — will not trade this one
2026-06-06 13:45:40,011 [INFO] live.engine: ARB/USDT:USDT: first candle seen 2026-06-06 04:00:00+00:00 — will not trade this one
2026-06-06 13:45:42,602 [INFO] live.engine: OP/USDT:USDT: first candle seen 2026-06-06 04:00:00+00:00 — will not trade this one
2026-06-06 13:45:44,938 [INFO] live.engine: SUI/USDT:USDT: first candle seen 2026-06-06 04:00:00+00:00 — will not trade this one
2026-06-06 13:53:14,702 [INFO] run: Shutdown signal received, exiting...
2026-06-06 13:53:34,622 [INFO] live.executor: [LIVE] Leverage 1x, cross margin set for 18 symbols
2026-06-06 13:53:34,626 [INFO] live.engine: Restored 0 open position(s) across 18 symbols
2026-06-06 13:53:34,626 [INFO] live.engine: Bot starting — bybit 18 symbols mode=LIVE
2026-06-06 13:53:41,206 [INFO] live.engine: BTC/USDT:USDT: first candle seen 2026-06-06 04:00:00+00:00 — will not trade this one
2026-06-06 13:53:43,413 [INFO] live.engine: ETH/USDT:USDT: first candle seen 2026-06-06 04:00:00+00:00 — will not trade this one
2026-06-06 13:53:45,720 [INFO] live.engine: SOL/USDT:USDT: first candle seen 2026-06-06 04:00:00+00:00 — will not trade this one
2026-06-06 13:53:47,903 [INFO] live.engine: BNB/USDT:USDT: first candle seen 2026-06-06 04:00:00+00:00 — will not trade this one
2026-06-06 13:53:50,130 [INFO] live.engine: XRP/USDT:USDT: first candle seen 2026-06-06 04:00:00+00:00 — will not trade this one
2026-06-06 13:53:52,282 [INFO] live.engine: ADA/USDT:USDT: first candle seen 2026-06-06 04:00:00+00:00 — will not trade this one
2026-06-06 13:53:54,432 [INFO] live.engine: DOGE/USDT:USDT: first candle seen 2026-06-06 04:00:00+00:00 — will not trade this one
2026-06-06 13:53:56,632 [INFO] live.engine: DOT/USDT:USDT: first candle seen 2026-06-06 04:00:00+00:00 — will not trade this one
2026-06-06 13:53:58,781 [INFO] live.engine: AVAX/USDT:USDT: first candle seen 2026-06-06 04:00:00+00:00 — will not trade this one
2026-06-06 13:54:01,188 [INFO] live.engine: LINK/USDT:USDT: first candle seen 2026-06-06 04:00:00+00:00 — will not trade this one
2026-06-06 13:54:03,375 [INFO] live.engine: UNI/USDT:USDT: first candle seen 2026-06-06 04:00:00+00:00 — will not trade this one
2026-06-06 13:54:05,584 [INFO] live.engine: ATOM/USDT:USDT: first candle seen 2026-06-06 04:00:00+00:00 — will not trade this one
2026-06-06 13:54:07,859 [INFO] live.engine: LTC/USDT:USDT: first candle seen 2026-06-06 04:00:00+00:00 — will not trade this one
2026-06-06 13:54:10,001 [INFO] live.engine: BCH/USDT:USDT: first candle seen 2026-06-06 04:00:00+00:00 — will not trade this one
2026-06-06 13:54:12,218 [INFO] live.engine: APT/USDT:USDT: first candle seen 2026-06-06 04:00:00+00:00 — will not trade this one
2026-06-06 13:54:14,474 [INFO] live.engine: ARB/USDT:USDT: first candle seen 2026-06-06 04:00:00+00:00 — will not trade this one
2026-06-06 13:54:16,738 [INFO] live.engine: OP/USDT:USDT: first candle seen 2026-06-06 04:00:00+00:00 — will not trade this one
2026-06-06 13:54:19,142 [INFO] live.engine: SUI/USDT:USDT: first candle seen 2026-06-06 04:00:00+00:00 — will not trade this one
2026-06-06 13:55:21,312 [INFO] live.engine: Heartbeat — 18 symbols, 0 open, equity=$100.00
2026-06-06 13:58:49,827 [INFO] live.engine: Heartbeat — 18 symbols, 0 open, equity=$100.00
2026-06-06 14:02:17,477 [INFO] live.engine: Heartbeat — 18 symbols, 0 open, equity=$100.00
2026-06-06 14:05:39,065 [INFO] run: Shutdown signal received, exiting...
2026-06-06 14:05:54,192 [INFO] live.executor: [LIVE] Leverage 1x, cross margin set for 18 symbols
2026-06-06 14:05:54,196 [INFO] live.engine: Restored 0 open position(s) across 18 symbols
2026-06-06 14:05:54,196 [INFO] live.engine: Bot starting — bybit 18 symbols mode=LIVE
2026-06-06 14:06:00,638 [INFO] live.engine: BTC/USDT:USDT: first candle seen 2026-06-06 04:00:00+00:00 — will not trade this one
2026-06-06 14:06:02,964 [INFO] live.engine: ETH/USDT:USDT: first candle seen 2026-06-06 04:00:00+00:00 — will not trade this one
2026-06-06 14:06:05,176 [INFO] live.engine: SOL/USDT:USDT: first candle seen 2026-06-06 04:00:00+00:00 — will not trade this one
2026-06-06 14:06:07,501 [INFO] live.engine: BNB/USDT:USDT: first candle seen 2026-06-06 04:00:00+00:00 — will not trade this one
2026-06-06 14:06:09,742 [INFO] live.engine: XRP/USDT:USDT: first candle seen 2026-06-06 04:00:00+00:00 — will not trade this one
2026-06-06 14:06:11,879 [INFO] live.engine: ADA/USDT:USDT: first candle seen 2026-06-06 04:00:00+00:00 — will not trade this one
2026-06-06 14:06:14,018 [INFO] live.engine: DOGE/USDT:USDT: first candle seen 2026-06-06 04:00:00+00:00 — will not trade this one
2026-06-06 14:06:16,309 [INFO] live.engine: DOT/USDT:USDT: first candle seen 2026-06-06 04:00:00+00:00 — will not trade this one
2026-06-06 14:06:19,394 [INFO] live.engine: AVAX/USDT:USDT: first candle seen 2026-06-06 04:00:00+00:00 — will not trade this one
2026-06-06 14:06:21,696 [INFO] live.engine: LINK/USDT:USDT: first candle seen 2026-06-06 04:00:00+00:00 — will not trade this one
2026-06-06 14:06:23,904 [INFO] live.engine: UNI/USDT:USDT: first candle seen 2026-06-06 04:00:00+00:00 — will not trade this one
2026-06-06 14:06:26,162 [INFO] live.engine: ATOM/USDT:USDT: first candle seen 2026-06-06 04:00:00+00:00 — will not trade this one
2026-06-06 14:06:28,373 [INFO] live.engine: LTC/USDT:USDT: first candle seen 2026-06-06 04:00:00+00:00 — will not trade this one
2026-06-06 14:06:30,542 [INFO] live.engine: BCH/USDT:USDT: first candle seen 2026-06-06 04:00:00+00:00 — will not trade this one
2026-06-06 14:06:32,784 [INFO] live.engine: APT/USDT:USDT: first candle seen 2026-06-06 04:00:00+00:00 — will not trade this one
2026-06-06 14:06:34,932 [INFO] live.engine: ARB/USDT:USDT: first candle seen 2026-06-06 04:00:00+00:00 — will not trade this one
2026-06-06 14:06:37,095 [INFO] live.engine: OP/USDT:USDT: first candle seen 2026-06-06 04:00:00+00:00 — will not trade this one
2026-06-06 14:06:39,349 [INFO] live.engine: SUI/USDT:USDT: first candle seen 2026-06-06 04:00:00+00:00 — will not trade this one
2026-06-06 14:06:39,349 [WARNING] live.engine: Max daily loss hit (25.5% >= 10.0%)
2026-06-06 14:06:39,349 [WARNING] live.engine: Max drawdown hit (25.5% >= 20.0%)
2026-06-06 14:07:41,518 [INFO] live.engine: Heartbeat — 18 symbols, 0 open, equity=$74.53
2026-06-06 14:08:09,419 [WARNING] live.engine: Max daily loss hit (25.5% >= 10.0%)
2026-06-06 14:08:09,419 [WARNING] live.engine: Max drawdown hit (25.5% >= 20.0%)
2026-06-06 14:09:39,956 [WARNING] live.engine: Max daily loss hit (25.5% >= 10.0%)
2026-06-06 14:09:39,956 [WARNING] live.engine: Max drawdown hit (25.5% >= 20.0%)
2026-06-06 14:10:42,054 [INFO] live.engine: Heartbeat — 18 symbols, 0 open, equity=$74.53
2026-06-06 14:11:24,756 [WARNING] live.engine: Max daily loss hit (25.5% >= 10.0%)
2026-06-06 14:11:24,756 [WARNING] live.engine: Max drawdown hit (25.5% >= 20.0%)
2026-06-06 14:13:08,866 [WARNING] live.engine: Max daily loss hit (25.5% >= 10.0%)
2026-06-06 14:13:08,866 [WARNING] live.engine: Max drawdown hit (25.5% >= 20.0%)
2026-06-06 14:13:32,577 [INFO] run: Shutdown signal received, exiting...
2026-06-06 14:13:47,572 [INFO] live.executor: [LIVE] Leverage 1x, cross margin set for 18 symbols
2026-06-06 14:13:47,576 [INFO] live.engine: Restored 0 open position(s) across 18 symbols
2026-06-06 14:13:47,576 [INFO] live.engine: Bot starting — bybit 18 symbols mode=LIVE
2026-06-06 14:13:54,473 [INFO] live.engine: BTC/USDT:USDT: first candle seen 2026-06-06 04:00:00+00:00 — will not trade this one
2026-06-06 14:13:56,675 [INFO] live.engine: ETH/USDT:USDT: first candle seen 2026-06-06 04:00:00+00:00 — will not trade this one
2026-06-06 14:13:59,053 [INFO] live.engine: SOL/USDT:USDT: first candle seen 2026-06-06 04:00:00+00:00 — will not trade this one
2026-06-06 14:14:01,299 [INFO] live.engine: BNB/USDT:USDT: first candle seen 2026-06-06 04:00:00+00:00 — will not trade this one
2026-06-06 14:14:03,578 [INFO] live.engine: XRP/USDT:USDT: first candle seen 2026-06-06 04:00:00+00:00 — will not trade this one
2026-06-06 14:14:05,758 [INFO] live.engine: ADA/USDT:USDT: first candle seen 2026-06-06 04:00:00+00:00 — will not trade this one
2026-06-06 14:14:07,985 [INFO] live.engine: DOGE/USDT:USDT: first candle seen 2026-06-06 04:00:00+00:00 — will not trade this one
2026-06-06 14:14:10,397 [INFO] live.engine: DOT/USDT:USDT: first candle seen 2026-06-06 04:00:00+00:00 — will not trade this one
2026-06-06 14:14:12,735 [INFO] live.engine: AVAX/USDT:USDT: first candle seen 2026-06-06 04:00:00+00:00 — will not trade this one
2026-06-06 14:14:15,475 [INFO] live.engine: LINK/USDT:USDT: first candle seen 2026-06-06 04:00:00+00:00 — will not trade this one
2026-06-06 14:14:18,143 [INFO] live.engine: UNI/USDT:USDT: first candle seen 2026-06-06 04:00:00+00:00 — will not trade this one
2026-06-06 14:14:20,476 [INFO] live.engine: ATOM/USDT:USDT: first candle seen 2026-06-06 04:00:00+00:00 — will not trade this one
2026-06-06 14:14:22,790 [INFO] live.engine: LTC/USDT:USDT: first candle seen 2026-06-06 04:00:00+00:00 — will not trade this one
2026-06-06 14:14:25,176 [INFO] live.engine: BCH/USDT:USDT: first candle seen 2026-06-06 04:00:00+00:00 — will not trade this one
2026-06-06 14:14:27,608 [INFO] live.engine: APT/USDT:USDT: first candle seen 2026-06-06 04:00:00+00:00 — will not trade this one
2026-06-06 14:14:29,909 [INFO] live.engine: ARB/USDT:USDT: first candle seen 2026-06-06 04:00:00+00:00 — will not trade this one
2026-06-06 14:14:32,245 [INFO] live.engine: OP/USDT:USDT: first candle seen 2026-06-06 04:00:00+00:00 — will not trade this one
2026-06-06 14:14:34,548 [INFO] live.engine: SUI/USDT:USDT: first candle seen 2026-06-06 04:00:00+00:00 — will not trade this one
2026-06-06 14:15:36,635 [INFO] live.engine: Heartbeat — 18 symbols, 0 open, equity=$74.53
2026-06-06 14:19:04,858 [INFO] live.engine: Heartbeat — 18 symbols, 0 open, equity=$74.53
2026-06-06 14:22:31,677 [INFO] live.engine: Heartbeat — 18 symbols, 0 open, equity=$74.53
2026-06-06 14:25:43,225 [INFO] run: Shutdown signal received, exiting...
2026-06-06 14:28:25,222 [INFO] live.executor: [LIVE] Leverage 1x, cross margin set for 18 symbols
2026-06-06 14:28:25,226 [INFO] live.engine: Restored 0 open position(s) across 18 symbols
2026-06-06 14:28:25,226 [INFO] live.engine: Bot starting — bybit 18 symbols mode=LIVE
2026-06-06 14:28:31,724 [INFO] live.engine: BTC/USDT:USDT: first candle seen 2026-06-06 04:00:00+00:00 — will not trade this one
2026-06-06 14:28:34,096 [INFO] live.engine: ETH/USDT:USDT: first candle seen 2026-06-06 04:00:00+00:00 — will not trade this one
2026-06-06 14:28:36,377 [INFO] live.engine: SOL/USDT:USDT: first candle seen 2026-06-06 04:00:00+00:00 — will not trade this one
2026-06-06 14:28:38,545 [INFO] live.engine: BNB/USDT:USDT: first candle seen 2026-06-06 04:00:00+00:00 — will not trade this one
2026-06-06 14:28:40,749 [INFO] live.engine: XRP/USDT:USDT: first candle seen 2026-06-06 04:00:00+00:00 — will not trade this one
2026-06-06 14:28:42,902 [INFO] live.engine: ADA/USDT:USDT: first candle seen 2026-06-06 04:00:00+00:00 — will not trade this one
2026-06-06 14:28:45,049 [INFO] live.engine: DOGE/USDT:USDT: first candle seen 2026-06-06 04:00:00+00:00 — will not trade this one
2026-06-06 14:28:47,332 [INFO] live.engine: DOT/USDT:USDT: first candle seen 2026-06-06 04:00:00+00:00 — will not trade this one
2026-06-06 14:28:51,004 [INFO] live.engine: AVAX/USDT:USDT: first candle seen 2026-06-06 04:00:00+00:00 — will not trade this one
2026-06-06 14:28:53,269 [INFO] live.engine: LINK/USDT:USDT: first candle seen 2026-06-06 04:00:00+00:00 — will not trade this one
2026-06-06 14:28:55,556 [INFO] live.engine: UNI/USDT:USDT: first candle seen 2026-06-06 04:00:00+00:00 — will not trade this one
2026-06-06 14:28:57,773 [INFO] live.engine: ATOM/USDT:USDT: first candle seen 2026-06-06 04:00:00+00:00 — will not trade this one
2026-06-06 14:29:00,066 [INFO] live.engine: LTC/USDT:USDT: first candle seen 2026-06-06 04:00:00+00:00 — will not trade this one
2026-06-06 14:29:02,285 [INFO] live.engine: BCH/USDT:USDT: first candle seen 2026-06-06 04:00:00+00:00 — will not trade this one
2026-06-06 14:29:04,520 [INFO] live.engine: APT/USDT:USDT: first candle seen 2026-06-06 04:00:00+00:00 — will not trade this one
2026-06-06 14:29:06,689 [INFO] live.engine: ARB/USDT:USDT: first candle seen 2026-06-06 04:00:00+00:00 — will not trade this one
2026-06-06 14:29:08,854 [INFO] live.engine: OP/USDT:USDT: first candle seen 2026-06-06 04:00:00+00:00 — will not trade this one
2026-06-06 14:29:11,506 [INFO] live.engine: SUI/USDT:USDT: first candle seen 2026-06-06 04:00:00+00:00 — will not trade this one
2026-06-06 14:30:13,600 [INFO] live.engine: Heartbeat — 18 symbols, 0 open, equity=$74.53
2026-06-06 14:33:42,433 [INFO] live.engine: Heartbeat — 18 symbols, 0 open, equity=$74.53
2026-06-06 14:37:10,791 [INFO] live.engine: Heartbeat — 18 symbols, 0 open, equity=$74.53
2026-06-06 14:40:38,494 [INFO] live.engine: Heartbeat — 18 symbols, 0 open, equity=$74.53
2026-06-06 14:44:04,616 [INFO] live.engine: Heartbeat — 18 symbols, 0 open, equity=$74.53
2026-06-06 14:47:32,506 [INFO] live.engine: Heartbeat — 18 symbols, 0 open, equity=$74.53
2026-06-06 14:51:02,378 [INFO] live.engine: Heartbeat — 18 symbols, 0 open, equity=$74.53
2026-06-06 14:54:30,857 [INFO] live.engine: Heartbeat — 18 symbols, 0 open, equity=$74.53
2026-06-06 14:58:00,207 [INFO] live.engine: Heartbeat — 18 symbols, 0 open, equity=$74.53
2026-06-06 15:01:28,725 [INFO] live.engine: Heartbeat — 18 symbols, 0 open, equity=$74.53
2026-06-06 15:04:56,803 [INFO] live.engine: Heartbeat — 18 symbols, 0 open, equity=$74.53
2026-06-06 15:08:24,192 [INFO] live.engine: Heartbeat — 18 symbols, 0 open, equity=$74.53
2026-06-06 15:11:52,180 [INFO] live.engine: Heartbeat — 18 symbols, 0 open, equity=$74.53
2026-06-06 15:15:21,152 [INFO] live.engine: Heartbeat — 18 symbols, 0 open, equity=$74.53
2026-06-06 15:18:52,041 [INFO] live.engine: Heartbeat — 18 symbols, 0 open, equity=$74.53
2026-06-06 15:22:20,679 [INFO] live.engine: Heartbeat — 18 symbols, 0 open, equity=$74.53
2026-06-06 15:25:50,676 [INFO] live.engine: Heartbeat — 18 symbols, 0 open, equity=$74.53
2026-06-06 15:29:18,403 [INFO] live.engine: Heartbeat — 18 symbols, 0 open, equity=$74.53
2026-06-06 15:32:45,769 [INFO] live.engine: Heartbeat — 18 symbols, 0 open, equity=$74.53
2026-06-06 15:36:11,956 [INFO] live.engine: Heartbeat — 18 symbols, 0 open, equity=$74.53
2026-06-06 15:39:29,016 [INFO] live.engine: Heartbeat — 18 symbols, 0 open, equity=$74.53
2026-06-06 15:42:43,135 [INFO] live.engine: Heartbeat — 18 symbols, 0 open, equity=$74.53
2026-06-06 15:46:10,089 [INFO] live.engine: Heartbeat — 18 symbols, 0 open, equity=$74.53
2026-06-06 15:49:36,413 [INFO] live.engine: Heartbeat — 18 symbols, 0 open, equity=$74.53
2026-06-06 15:53:06,204 [INFO] live.engine: Heartbeat — 18 symbols, 0 open, equity=$74.53
2026-06-06 15:56:32,732 [INFO] live.engine: Heartbeat — 18 symbols, 0 open, equity=$74.53
2026-06-06 15:59:35,842 [INFO] live.engine: Heartbeat — 18 symbols, 0 open, equity=$74.53
2026-06-06 16:00:01,147 [INFO] live.engine: UNI/USDT:USDT: new 4H candle 2026-06-06 08:00:00+00:00
2026-06-06 16:00:03,337 [INFO] live.engine: ATOM/USDT:USDT: new 4H candle 2026-06-06 08:00:00+00:00
2026-06-06 16:00:07,982 [INFO] live.engine: BCH/USDT:USDT: new 4H candle 2026-06-06 08:00:00+00:00
2026-06-06 16:00:10,172 [INFO] live.engine: APT/USDT:USDT: new 4H candle 2026-06-06 08:00:00+00:00
2026-06-06 16:00:12,411 [INFO] live.engine: ARB/USDT:USDT: new 4H candle 2026-06-06 08:00:00+00:00
2026-06-06 16:00:14,595 [INFO] live.engine: OP/USDT:USDT: new 4H candle 2026-06-06 08:00:00+00:00
2026-06-06 16:00:16,753 [INFO] live.engine: SUI/USDT:USDT: new 4H candle 2026-06-06 08:00:00+00:00
2026-06-06 16:01:20,501 [INFO] live.engine: BTC/USDT:USDT: new 4H candle 2026-06-06 08:00:00+00:00
2026-06-06 16:01:22,016 [INFO] live.engine: ETH/USDT:USDT: new 4H candle 2026-06-06 08:00:00+00:00
2026-06-06 16:01:23,610 [INFO] live.engine: SOL/USDT:USDT: new 4H candle 2026-06-06 08:00:00+00:00
2026-06-06 16:01:25,119 [INFO] live.engine: BNB/USDT:USDT: new 4H candle 2026-06-06 08:00:00+00:00
2026-06-06 16:01:26,707 [INFO] live.engine: XRP/USDT:USDT: new 4H candle 2026-06-06 08:00:00+00:00
2026-06-06 16:01:28,224 [INFO] live.engine: ADA/USDT:USDT: new 4H candle 2026-06-06 08:00:00+00:00
2026-06-06 16:01:29,762 [INFO] live.engine: DOGE/USDT:USDT: new 4H candle 2026-06-06 08:00:00+00:00
2026-06-06 16:01:31,361 [INFO] live.engine: DOT/USDT:USDT: new 4H candle 2026-06-06 08:00:00+00:00
2026-06-06 16:01:32,903 [INFO] live.engine: AVAX/USDT:USDT: new 4H candle 2026-06-06 08:00:00+00:00
2026-06-06 16:01:34,525 [INFO] live.engine: LINK/USDT:USDT: new 4H candle 2026-06-06 08:00:00+00:00
2026-06-06 16:01:39,185 [INFO] live.engine: LTC/USDT:USDT: new 4H candle 2026-06-06 08:00:00+00:00
2026-06-06 16:02:49,126 [INFO] live.engine: Heartbeat — 18 symbols, 0 open, equity=$74.53
2026-06-06 16:06:16,286 [INFO] live.engine: Heartbeat — 18 symbols, 0 open, equity=$74.53
2026-06-06 16:09:43,087 [INFO] live.engine: Heartbeat — 18 symbols, 0 open, equity=$74.53
2026-06-06 16:13:11,523 [INFO] live.engine: Heartbeat — 18 symbols, 0 open, equity=$74.53
2026-06-06 16:16:37,666 [INFO] live.engine: Heartbeat — 18 symbols, 0 open, equity=$74.53
2026-06-06 16:19:57,443 [INFO] live.engine: Heartbeat — 18 symbols, 0 open, equity=$74.53
2026-06-06 16:23:23,787 [INFO] live.engine: Heartbeat — 18 symbols, 0 open, equity=$74.53
2026-06-06 16:26:54,229 [INFO] live.engine: Heartbeat — 18 symbols, 0 open, equity=$74.53
2026-06-06 16:30:09,278 [INFO] live.engine: Heartbeat — 18 symbols, 0 open, equity=$74.53
2026-06-06 16:33:38,537 [INFO] live.engine: Heartbeat — 18 symbols, 0 open, equity=$74.53
2026-06-06 16:37:07,814 [INFO] live.engine: Heartbeat — 18 symbols, 0 open, equity=$74.53
2026-06-06 16:40:42,443 [INFO] live.engine: Heartbeat — 18 symbols, 0 open, equity=$74.53
2026-06-06 16:44:16,350 [INFO] live.engine: Heartbeat — 18 symbols, 0 open, equity=$74.53
2026-06-06 16:47:36,626 [INFO] live.engine: Heartbeat — 18 symbols, 0 open, equity=$74.53
2026-06-06 16:51:09,778 [INFO] live.engine: Heartbeat — 18 symbols, 0 open, equity=$74.53
2026-06-06 16:54:27,838 [INFO] live.engine: Heartbeat — 18 symbols, 0 open, equity=$74.53
2026-06-06 16:57:55,117 [INFO] live.engine: Heartbeat — 18 symbols, 0 open, equity=$74.53
2026-06-06 17:01:22,614 [INFO] live.engine: Heartbeat — 18 symbols, 0 open, equity=$74.53
2026-06-06 17:04:49,951 [INFO] live.engine: Heartbeat — 18 symbols, 0 open, equity=$74.53
2026-06-06 17:08:17,365 [INFO] live.engine: Heartbeat — 18 symbols, 0 open, equity=$74.53
2026-06-06 17:11:50,107 [INFO] live.engine: Heartbeat — 18 symbols, 0 open, equity=$74.53
2026-06-06 17:15:37,706 [INFO] live.engine: Heartbeat — 18 symbols, 0 open, equity=$74.53
2026-06-06 17:18:53,370 [INFO] live.engine: Heartbeat — 18 symbols, 0 open, equity=$74.53
2026-06-06 17:22:23,251 [INFO] live.engine: Heartbeat — 18 symbols, 0 open, equity=$74.53
2026-06-06 17:25:32,655 [INFO] live.engine: Heartbeat — 18 symbols, 0 open, equity=$74.53
2026-06-06 17:28:51,431 [INFO] live.engine: Heartbeat — 18 symbols, 0 open, equity=$74.53
2026-06-06 17:32:09,561 [INFO] live.engine: Heartbeat — 18 symbols, 0 open, equity=$74.53
2026-06-06 17:35:38,793 [INFO] live.engine: Heartbeat — 18 symbols, 0 open, equity=$74.53
2026-06-06 17:39:00,098 [INFO] live.engine: Heartbeat — 18 symbols, 0 open, equity=$74.53
2026-06-06 17:42:27,171 [INFO] live.engine: Heartbeat — 18 symbols, 0 open, equity=$74.53
2026-06-06 17:45:52,886 [INFO] live.engine: Heartbeat — 18 symbols, 0 open, equity=$74.53
2026-06-06 17:49:14,794 [INFO] live.engine: Heartbeat — 18 symbols, 0 open, equity=$74.53
2026-06-06 17:52:38,748 [INFO] live.engine: Heartbeat — 18 symbols, 0 open, equity=$74.53
2026-06-06 17:56:25,641 [INFO] live.engine: Heartbeat — 18 symbols, 0 open, equity=$74.53
2026-06-06 18:00:01,207 [INFO] live.engine: Heartbeat — 18 symbols, 0 open, equity=$74.53
2026-06-06 18:03:27,103 [INFO] live.engine: Heartbeat — 18 symbols, 0 open, equity=$74.53
2026-06-06 18:06:45,637 [INFO] live.engine: Heartbeat — 18 symbols, 0 open, equity=$74.53
2026-06-06 18:10:08,986 [INFO] live.engine: Heartbeat — 18 symbols, 0 open, equity=$74.53
2026-06-06 18:13:33,078 [INFO] live.engine: Heartbeat — 18 symbols, 0 open, equity=$74.53
2026-06-06 18:16:58,874 [INFO] live.engine: Heartbeat — 18 symbols, 0 open, equity=$74.53
2026-06-06 18:20:33,937 [INFO] live.engine: Heartbeat — 18 symbols, 0 open, equity=$74.53
2026-06-06 18:24:12,713 [INFO] live.engine: Heartbeat — 18 symbols, 0 open, equity=$74.53
2026-06-06 18:27:42,146 [INFO] live.engine: Heartbeat — 18 symbols, 0 open, equity=$74.53
2026-06-06 18:31:07,761 [INFO] live.engine: Heartbeat — 18 symbols, 0 open, equity=$74.53
2026-06-06 18:34:15,923 [INFO] live.engine: Heartbeat — 18 symbols, 0 open, equity=$74.53
2026-06-06 18:37:55,492 [INFO] live.engine: Heartbeat — 18 symbols, 0 open, equity=$74.53
2026-06-06 18:41:27,261 [INFO] live.engine: Heartbeat — 18 symbols, 0 open, equity=$74.53
2026-06-06 18:44:42,852 [INFO] live.engine: Heartbeat — 18 symbols, 0 open, equity=$74.53
2026-06-06 18:48:10,734 [INFO] live.engine: Heartbeat — 18 symbols, 0 open, equity=$74.53
2026-06-06 18:51:51,783 [INFO] live.engine: Heartbeat — 18 symbols, 0 open, equity=$74.53
2026-06-06 18:55:24,845 [INFO] live.engine: Heartbeat — 18 symbols, 0 open, equity=$74.53
2026-06-06 18:58:47,533 [INFO] live.engine: Heartbeat — 18 symbols, 0 open, equity=$74.53
2026-06-06 19:02:04,096 [INFO] live.engine: Heartbeat — 18 symbols, 0 open, equity=$74.53
2026-06-06 19:05:34,931 [INFO] live.engine: Heartbeat — 18 symbols, 0 open, equity=$74.53
2026-06-06 19:09:05,524 [INFO] live.engine: Heartbeat — 18 symbols, 0 open, equity=$74.53
2026-06-06 19:12:16,453 [INFO] live.engine: Heartbeat — 18 symbols, 0 open, equity=$74.53
2026-06-06 19:15:29,312 [INFO] live.engine: Heartbeat — 18 symbols, 0 open, equity=$74.53
2026-06-06 19:18:51,240 [INFO] live.engine: Heartbeat — 18 symbols, 0 open, equity=$74.53
2026-06-06 19:22:11,242 [INFO] live.engine: Heartbeat — 18 symbols, 0 open, equity=$74.53
2026-06-06 19:25:42,960 [INFO] live.engine: Heartbeat — 18 symbols, 0 open, equity=$74.53
2026-06-06 19:28:56,431 [INFO] live.engine: Heartbeat — 18 symbols, 0 open, equity=$74.53
2026-06-06 19:32:16,845 [INFO] live.engine: Heartbeat — 18 symbols, 0 open, equity=$74.53
2026-06-06 19:35:50,610 [INFO] live.engine: Heartbeat — 18 symbols, 0 open, equity=$74.53
2026-06-06 19:39:25,726 [INFO] live.engine: Heartbeat — 18 symbols, 0 open, equity=$74.53
2026-06-06 19:43:00,863 [INFO] live.engine: Heartbeat — 18 symbols, 0 open, equity=$74.53
2026-06-06 19:46:30,769 [INFO] live.engine: Heartbeat — 18 symbols, 0 open, equity=$74.53
2026-06-06 19:50:15,825 [INFO] live.engine: Heartbeat — 18 symbols, 0 open, equity=$74.53
2026-06-06 19:53:48,092 [INFO] live.engine: Heartbeat — 18 symbols, 0 open, equity=$74.53
2026-06-06 19:57:37,890 [INFO] live.engine: Heartbeat — 18 symbols, 0 open, equity=$74.53
2026-06-06 20:00:00,831 [INFO] live.engine: SUI/USDT:USDT: new 4H candle 2026-06-06 12:00:00+00:00
2026-06-06 20:01:04,199 [INFO] live.engine: Heartbeat — 18 symbols, 0 open, equity=$74.53
2026-06-06 20:01:06,553 [INFO] live.engine: BTC/USDT:USDT: new 4H candle 2026-06-06 12:00:00+00:00
2026-06-06 20:01:11,190 [INFO] live.engine: ETH/USDT:USDT: new 4H candle 2026-06-06 12:00:00+00:00
2026-06-06 20:01:13,009 [INFO] live.engine: SOL/USDT:USDT: new 4H candle 2026-06-06 12:00:00+00:00
2026-06-06 20:01:14,801 [INFO] live.engine: BNB/USDT:USDT: new 4H candle 2026-06-06 12:00:00+00:00
2026-06-06 20:01:16,593 [INFO] live.engine: XRP/USDT:USDT: new 4H candle 2026-06-06 12:00:00+00:00
2026-06-06 20:01:18,538 [INFO] live.engine: ADA/USDT:USDT: new 4H candle 2026-06-06 12:00:00+00:00
2026-06-06 20:01:20,513 [INFO] live.engine: DOGE/USDT:USDT: new 4H candle 2026-06-06 12:00:00+00:00
2026-06-06 20:01:22,320 [INFO] live.engine: DOT/USDT:USDT: new 4H candle 2026-06-06 12:00:00+00:00
2026-06-06 20:01:24,150 [INFO] live.engine: AVAX/USDT:USDT: new 4H candle 2026-06-06 12:00:00+00:00
2026-06-06 20:01:27,680 [INFO] live.engine: LINK/USDT:USDT: new 4H candle 2026-06-06 12:00:00+00:00
2026-06-06 20:01:31,436 [INFO] live.engine: UNI/USDT:USDT: new 4H candle 2026-06-06 12:00:00+00:00
2026-06-06 20:01:33,353 [INFO] live.engine: ATOM/USDT:USDT: new 4H candle 2026-06-06 12:00:00+00:00
2026-06-06 20:01:35,332 [INFO] live.engine: LTC/USDT:USDT: new 4H candle 2026-06-06 12:00:00+00:00
2026-06-06 20:01:37,073 [INFO] live.engine: BCH/USDT:USDT: new 4H candle 2026-06-06 12:00:00+00:00
2026-06-06 20:01:38,855 [INFO] live.engine: APT/USDT:USDT: new 4H candle 2026-06-06 12:00:00+00:00
2026-06-06 20:01:40,692 [INFO] live.engine: ARB/USDT:USDT: new 4H candle 2026-06-06 12:00:00+00:00
2026-06-06 20:01:42,474 [INFO] live.engine: OP/USDT:USDT: new 4H candle 2026-06-06 12:00:00+00:00
2026-06-06 20:04:28,242 [INFO] live.engine: Heartbeat — 18 symbols, 0 open, equity=$74.53
2026-06-06 20:07:52,507 [INFO] live.engine: Heartbeat — 18 symbols, 0 open, equity=$74.53
2026-06-06 20:11:22,478 [INFO] live.engine: Heartbeat — 18 symbols, 0 open, equity=$74.53
2026-06-06 20:14:51,992 [INFO] live.engine: Heartbeat — 18 symbols, 0 open, equity=$74.53
2026-06-06 20:18:28,625 [INFO] live.engine: Heartbeat — 18 symbols, 0 open, equity=$74.53
2026-06-06 20:21:54,373 [INFO] live.engine: Heartbeat — 18 symbols, 0 open, equity=$74.53
2026-06-06 20:25:21,442 [INFO] live.engine: Heartbeat — 18 symbols, 0 open, equity=$74.53
2026-06-06 20:28:47,008 [INFO] live.engine: Heartbeat — 18 symbols, 0 open, equity=$74.53
2026-06-06 20:31:59,184 [INFO] live.engine: Heartbeat — 18 symbols, 0 open, equity=$74.53
2026-06-06 20:35:31,961 [INFO] live.engine: Heartbeat — 18 symbols, 0 open, equity=$74.53
2026-06-06 20:38:42,404 [INFO] live.engine: Heartbeat — 18 symbols, 0 open, equity=$74.53
2026-06-06 20:42:03,625 [INFO] live.engine: Heartbeat — 18 symbols, 0 open, equity=$74.53
2026-06-06 20:45:27,943 [INFO] live.engine: Heartbeat — 18 symbols, 0 open, equity=$74.53
2026-06-06 20:48:39,929 [INFO] live.engine: Heartbeat — 18 symbols, 0 open, equity=$74.53
2026-06-06 20:52:04,272 [INFO] live.engine: Heartbeat — 18 symbols, 0 open, equity=$74.53
2026-06-06 20:55:31,736 [INFO] live.engine: Heartbeat — 18 symbols, 0 open, equity=$74.53
2026-06-06 20:58:44,300 [INFO] live.engine: Heartbeat — 18 symbols, 0 open, equity=$74.53
2026-06-06 21:02:12,165 [INFO] live.engine: Heartbeat — 18 symbols, 0 open, equity=$74.53
2026-06-06 21:05:32,847 [INFO] live.engine: Heartbeat — 18 symbols, 0 open, equity=$74.53
2026-06-06 21:08:54,515 [INFO] live.engine: Heartbeat — 18 symbols, 0 open, equity=$74.53
2026-06-06 21:12:21,207 [INFO] live.engine: Heartbeat — 18 symbols, 0 open, equity=$74.53
2026-06-06 21:15:55,290 [INFO] live.engine: Heartbeat — 18 symbols, 0 open, equity=$74.53
2026-06-06 21:19:28,985 [INFO] live.engine: Heartbeat — 18 symbols, 0 open, equity=$74.53
2026-06-06 21:22:57,089 [INFO] live.engine: Heartbeat — 18 symbols, 0 open, equity=$74.53
2026-06-06 21:26:15,258 [INFO] live.engine: Heartbeat — 18 symbols, 0 open, equity=$74.53
2026-06-06 21:29:42,016 [INFO] live.engine: Heartbeat — 18 symbols, 0 open, equity=$74.53
2026-06-06 21:32:57,068 [INFO] live.engine: Heartbeat — 18 symbols, 0 open, equity=$74.53
2026-06-06 21:36:19,953 [INFO] live.engine: Heartbeat — 18 symbols, 0 open, equity=$74.53
2026-06-06 21:39:55,276 [INFO] live.engine: Heartbeat — 18 symbols, 0 open, equity=$74.53
2026-06-06 21:43:33,847 [INFO] live.engine: Heartbeat — 18 symbols, 0 open, equity=$74.53
2026-06-06 21:46:57,309 [INFO] live.engine: Heartbeat — 18 symbols, 0 open, equity=$74.53
2026-06-06 21:50:29,640 [INFO] live.engine: Heartbeat — 18 symbols, 0 open, equity=$74.53
2026-06-06 21:53:44,429 [INFO] live.engine: Heartbeat — 18 symbols, 0 open, equity=$74.53
2026-06-06 21:56:59,046 [INFO] live.engine: Heartbeat — 18 symbols, 0 open, equity=$74.53
2026-06-06 22:00:12,974 [INFO] live.engine: Heartbeat — 18 symbols, 0 open, equity=$74.53
2026-06-06 22:03:36,868 [INFO] live.engine: Heartbeat — 18 symbols, 0 open, equity=$74.53
2026-06-06 22:06:54,675 [INFO] live.engine: Heartbeat — 18 symbols, 0 open, equity=$74.53
2026-06-06 22:10:11,359 [INFO] live.engine: Heartbeat — 18 symbols, 0 open, equity=$74.53
2026-06-06 22:13:43,151 [INFO] live.engine: Heartbeat — 18 symbols, 0 open, equity=$74.53
2026-06-06 22:16:52,759 [INFO] live.engine: Heartbeat — 18 symbols, 0 open, equity=$74.53
2026-06-06 22:20:12,677 [INFO] live.engine: Heartbeat — 18 symbols, 0 open, equity=$74.53
2026-06-06 22:23:36,696 [INFO] live.engine: Heartbeat — 18 symbols, 0 open, equity=$74.53
2026-06-06 22:26:53,920 [INFO] live.engine: Heartbeat — 18 symbols, 0 open, equity=$74.53
2026-06-06 22:30:10,231 [INFO] live.engine: Heartbeat — 18 symbols, 0 open, equity=$74.53
2026-06-06 22:33:30,920 [INFO] live.engine: Heartbeat — 18 symbols, 0 open, equity=$74.53
2026-06-06 22:37:24,065 [INFO] live.engine: Heartbeat — 18 symbols, 0 open, equity=$74.53
2026-06-06 22:40:54,757 [INFO] live.engine: Heartbeat — 18 symbols, 0 open, equity=$74.53
2026-06-06 22:44:24,703 [INFO] live.engine: Heartbeat — 18 symbols, 0 open, equity=$74.53
2026-06-06 22:48:00,243 [INFO] live.engine: Heartbeat — 18 symbols, 0 open, equity=$74.53
2026-06-06 22:52:10,843 [INFO] live.engine: Heartbeat — 18 symbols, 0 open, equity=$74.53
2026-06-06 22:56:23,224 [INFO] live.engine: Heartbeat — 18 symbols, 0 open, equity=$74.53
2026-06-06 23:00:33,448 [INFO] live.engine: Heartbeat — 18 symbols, 0 open, equity=$74.53
2026-06-06 23:04:42,034 [INFO] live.engine: Heartbeat — 18 symbols, 0 open, equity=$74.53
2026-06-06 23:08:54,186 [INFO] live.engine: Heartbeat — 18 symbols, 0 open, equity=$74.53
2026-06-06 23:13:04,218 [INFO] live.engine: Heartbeat — 18 symbols, 0 open, equity=$74.53
2026-06-06 23:17:12,696 [INFO] live.engine: Heartbeat — 18 symbols, 0 open, equity=$74.53
2026-06-06 23:20:49,323 [INFO] live.engine: Heartbeat — 18 symbols, 0 open, equity=$74.53
2026-06-06 23:24:59,352 [INFO] live.engine: Heartbeat — 18 symbols, 0 open, equity=$74.53
2026-06-06 23:29:09,361 [INFO] live.engine: Heartbeat — 18 symbols, 0 open, equity=$74.53
2026-06-06 23:33:21,696 [INFO] live.engine: Heartbeat — 18 symbols, 0 open, equity=$74.53
2026-06-06 23:37:35,767 [INFO] live.engine: Heartbeat — 18 symbols, 0 open, equity=$74.53
2026-06-06 23:41:47,268 [INFO] live.engine: Heartbeat — 18 symbols, 0 open, equity=$74.53
2026-06-06 23:45:38,602 [INFO] live.engine: Heartbeat — 18 symbols, 0 open, equity=$74.53
2026-06-06 23:49:50,789 [INFO] live.engine: Heartbeat — 18 symbols, 0 open, equity=$74.53
2026-06-06 23:54:04,272 [INFO] live.engine: Heartbeat — 18 symbols, 0 open, equity=$74.53
2026-06-06 23:58:18,463 [INFO] live.engine: Heartbeat — 18 symbols, 0 open, equity=$74.53
2026-06-07 00:00:29,620 [INFO] live.engine: BTC/USDT:USDT: new 4H candle 2026-06-06 16:00:00+00:00
2026-06-07 00:00:31,346 [INFO] live.engine: ETH/USDT:USDT: new 4H candle 2026-06-06 16:00:00+00:00
2026-06-07 00:00:33,003 [INFO] live.engine: SOL/USDT:USDT: new 4H candle 2026-06-06 16:00:00+00:00
2026-06-07 00:00:34,661 [INFO] live.engine: BNB/USDT:USDT: new 4H candle 2026-06-06 16:00:00+00:00
2026-06-07 00:00:36,516 [INFO] live.engine: XRP/USDT:USDT: new 4H candle 2026-06-06 16:00:00+00:00
2026-06-07 00:00:38,167 [INFO] live.engine: ADA/USDT:USDT: new 4H candle 2026-06-06 16:00:00+00:00
2026-06-07 00:00:39,868 [INFO] live.engine: DOGE/USDT:USDT: new 4H candle 2026-06-06 16:00:00+00:00
2026-06-07 00:00:41,538 [INFO] live.engine: DOT/USDT:USDT: new 4H candle 2026-06-06 16:00:00+00:00
2026-06-07 00:00:43,307 [INFO] live.engine: AVAX/USDT:USDT: new 4H candle 2026-06-06 16:00:00+00:00
2026-06-07 00:00:44,990 [INFO] live.engine: LINK/USDT:USDT: new 4H candle 2026-06-06 16:00:00+00:00
2026-06-07 00:00:46,679 [INFO] live.engine: UNI/USDT:USDT: new 4H candle 2026-06-06 16:00:00+00:00
2026-06-07 00:00:48,462 [INFO] live.engine: ATOM/USDT:USDT: new 4H candle 2026-06-06 16:00:00+00:00
2026-06-07 00:00:50,156 [INFO] live.engine: LTC/USDT:USDT: new 4H candle 2026-06-06 16:00:00+00:00
2026-06-07 00:00:51,903 [INFO] live.engine: BCH/USDT:USDT: new 4H candle 2026-06-06 16:00:00+00:00
2026-06-07 00:00:53,602 [INFO] live.engine: APT/USDT:USDT: new 4H candle 2026-06-06 16:00:00+00:00
2026-06-07 00:00:55,276 [INFO] live.engine: ARB/USDT:USDT: new 4H candle 2026-06-06 16:00:00+00:00
2026-06-07 00:00:56,988 [INFO] live.engine: OP/USDT:USDT: new 4H candle 2026-06-06 16:00:00+00:00
2026-06-07 00:00:58,683 [INFO] live.engine: SUI/USDT:USDT: new 4H candle 2026-06-06 16:00:00+00:00
2026-06-07 00:02:02,045 [INFO] live.engine: Heartbeat — 18 symbols, 0 open, equity=$74.53
2026-06-07 00:05:11,830 [INFO] live.engine: Heartbeat — 18 symbols, 0 open, equity=$74.53
2026-06-07 00:09:35,800 [INFO] live.engine: Heartbeat — 18 symbols, 0 open, equity=$74.53
2026-06-07 00:13:56,331 [INFO] live.engine: Heartbeat — 18 symbols, 0 open, equity=$74.53
2026-06-07 00:18:13,298 [INFO] live.engine: Heartbeat — 18 symbols, 0 open, equity=$74.53
2026-06-07 00:22:33,253 [INFO] live.engine: Heartbeat — 18 symbols, 0 open, equity=$74.53
2026-06-07 00:26:49,528 [INFO] live.engine: Heartbeat — 18 symbols, 0 open, equity=$74.53
2026-06-07 00:31:07,862 [INFO] live.engine: Heartbeat — 18 symbols, 0 open, equity=$74.53
2026-06-07 00:35:26,722 [INFO] live.engine: Heartbeat — 18 symbols, 0 open, equity=$74.53
2026-06-07 00:39:31,563 [INFO] live.engine: Heartbeat — 18 symbols, 0 open, equity=$74.53
2026-06-07 00:43:44,596 [INFO] live.engine: Heartbeat — 18 symbols, 0 open, equity=$74.53
2026-06-07 00:47:08,188 [INFO] live.engine: Heartbeat — 18 symbols, 0 open, equity=$74.53
2026-06-07 00:50:32,482 [INFO] live.engine: Heartbeat — 18 symbols, 0 open, equity=$74.53
2026-06-07 00:53:54,565 [INFO] live.engine: Heartbeat — 18 symbols, 0 open, equity=$74.53
2026-06-07 00:56:59,803 [INFO] live.engine: Heartbeat — 18 symbols, 0 open, equity=$74.53
2026-06-07 01:00:17,959 [INFO] live.engine: Heartbeat — 18 symbols, 0 open, equity=$74.53
2026-06-07 01:04:12,144 [INFO] live.engine: Heartbeat — 18 symbols, 0 open, equity=$74.53
2026-06-07 01:07:28,059 [INFO] live.engine: Heartbeat — 18 symbols, 0 open, equity=$74.53
2026-06-07 01:10:43,973 [INFO] live.engine: Heartbeat — 18 symbols, 0 open, equity=$74.53
2026-06-07 01:13:53,068 [INFO] live.engine: Heartbeat — 18 symbols, 0 open, equity=$74.53
2026-06-07 01:17:08,812 [INFO] live.engine: Heartbeat — 18 symbols, 0 open, equity=$74.53
2026-06-07 01:20:26,479 [INFO] live.engine: Heartbeat — 18 symbols, 0 open, equity=$74.53
2026-06-07 01:23:44,233 [INFO] live.engine: Heartbeat — 18 symbols, 0 open, equity=$74.53
2026-06-07 01:27:00,027 [INFO] live.engine: Heartbeat — 18 symbols, 0 open, equity=$74.53
2026-06-07 01:30:18,970 [INFO] live.engine: Heartbeat — 18 symbols, 0 open, equity=$74.53
2026-06-07 01:34:03,676 [INFO] live.engine: Heartbeat — 18 symbols, 0 open, equity=$74.53
2026-06-07 01:37:20,411 [INFO] live.engine: Heartbeat — 18 symbols, 0 open, equity=$74.53
2026-06-07 01:40:36,419 [INFO] live.engine: Heartbeat — 18 symbols, 0 open, equity=$74.53
2026-06-07 01:43:54,356 [INFO] live.engine: Heartbeat — 18 symbols, 0 open, equity=$74.53
2026-06-07 01:47:24,575 [INFO] live.engine: Heartbeat — 18 symbols, 0 open, equity=$74.53
2026-06-07 01:50:39,714 [INFO] live.engine: Heartbeat — 18 symbols, 0 open, equity=$74.53
2026-06-07 01:53:55,309 [INFO] live.engine: Heartbeat — 18 symbols, 0 open, equity=$74.53
2026-06-07 01:57:24,483 [INFO] live.engine: Heartbeat — 18 symbols, 0 open, equity=$74.53
2026-06-07 02:00:42,852 [INFO] live.engine: Heartbeat — 18 symbols, 0 open, equity=$74.53
2026-06-07 02:04:00,072 [INFO] live.engine: Heartbeat — 18 symbols, 0 open, equity=$74.53
2026-06-07 02:07:16,873 [INFO] live.engine: Heartbeat — 18 symbols, 0 open, equity=$74.53
2026-06-07 02:10:56,208 [INFO] live.engine: Heartbeat — 18 symbols, 0 open, equity=$74.53
2026-06-07 02:14:13,024 [INFO] live.engine: Heartbeat — 18 symbols, 0 open, equity=$74.53
2026-06-07 02:17:28,229 [INFO] live.engine: Heartbeat — 18 symbols, 0 open, equity=$74.53
2026-06-07 02:20:45,085 [INFO] live.engine: Heartbeat — 18 symbols, 0 open, equity=$74.53
2026-06-07 02:24:01,297 [INFO] live.engine: Heartbeat — 18 symbols, 0 open, equity=$74.53
2026-06-07 02:27:15,033 [INFO] live.engine: Heartbeat — 18 symbols, 0 open, equity=$74.53
2026-06-07 02:30:54,202 [INFO] live.engine: Heartbeat — 18 symbols, 0 open, equity=$74.53
2026-06-07 02:34:09,394 [INFO] live.engine: Heartbeat — 18 symbols, 0 open, equity=$74.53
2026-06-07 02:37:33,408 [INFO] live.engine: Heartbeat — 18 symbols, 0 open, equity=$74.53
2026-06-07 02:40:53,505 [INFO] live.engine: Heartbeat — 18 symbols, 0 open, equity=$74.53
2026-06-07 02:44:15,443 [INFO] live.engine: Heartbeat — 18 symbols, 0 open, equity=$74.53
2026-06-07 02:47:50,389 [INFO] live.engine: Heartbeat — 18 symbols, 0 open, equity=$74.53
2026-06-07 02:51:06,710 [INFO] live.engine: Heartbeat — 18 symbols, 0 open, equity=$74.53
2026-06-07 02:54:23,574 [INFO] live.engine: Heartbeat — 18 symbols, 0 open, equity=$74.53
2026-06-07 02:57:29,709 [INFO] live.engine: Heartbeat — 18 symbols, 0 open, equity=$74.53
2026-06-07 03:00:46,773 [INFO] live.engine: Heartbeat — 18 symbols, 0 open, equity=$74.53
2026-06-07 03:04:02,724 [INFO] live.engine: Heartbeat — 18 symbols, 0 open, equity=$74.53
2026-06-07 03:07:17,975 [INFO] live.engine: Heartbeat — 18 symbols, 0 open, equity=$74.53
2026-06-07 03:10:34,111 [INFO] live.engine: Heartbeat — 18 symbols, 0 open, equity=$74.53
2026-06-07 03:13:49,302 [INFO] live.engine: Heartbeat — 18 symbols, 0 open, equity=$74.53
2026-06-07 03:17:23,469 [INFO] live.engine: Heartbeat — 18 symbols, 0 open, equity=$74.53
2026-06-07 03:20:39,138 [INFO] live.engine: Heartbeat — 18 symbols, 0 open, equity=$74.53
2026-06-07 03:24:06,358 [INFO] live.engine: Heartbeat — 18 symbols, 0 open, equity=$74.53
2026-06-07 03:27:18,822 [INFO] live.engine: Heartbeat — 18 symbols, 0 open, equity=$74.53
2026-06-07 03:30:31,869 [INFO] live.engine: Heartbeat — 18 symbols, 0 open, equity=$74.53
2026-06-07 03:33:42,412 [INFO] live.engine: Heartbeat — 18 symbols, 0 open, equity=$74.53
2026-06-07 03:37:03,769 [INFO] live.engine: Heartbeat — 18 symbols, 0 open, equity=$74.53
2026-06-07 03:40:15,629 [INFO] live.engine: Heartbeat — 18 symbols, 0 open, equity=$74.53
2026-06-07 03:43:27,436 [INFO] live.engine: Heartbeat — 18 symbols, 0 open, equity=$74.53
2026-06-07 03:46:39,800 [INFO] live.engine: Heartbeat — 18 symbols, 0 open, equity=$74.53
2026-06-07 03:49:51,636 [INFO] live.engine: Heartbeat — 18 symbols, 0 open, equity=$74.53
2026-06-07 03:53:04,408 [INFO] live.engine: Heartbeat — 18 symbols, 0 open, equity=$74.53
2026-06-07 03:56:18,261 [INFO] live.engine: Heartbeat — 18 symbols, 0 open, equity=$74.53
2026-06-07 03:59:26,519 [INFO] live.engine: Heartbeat — 18 symbols, 0 open, equity=$74.53
2026-06-07 04:00:01,010 [INFO] live.engine: SUI/USDT:USDT: new 4H candle 2026-06-06 20:00:00+00:00
2026-06-07 04:01:05,004 [INFO] live.engine: BTC/USDT:USDT: new 4H candle 2026-06-06 20:00:00+00:00
2026-06-07 04:01:07,109 [INFO] live.engine: ETH/USDT:USDT: new 4H candle 2026-06-06 20:00:00+00:00
2026-06-07 04:01:08,853 [INFO] live.engine: SOL/USDT:USDT: new 4H candle 2026-06-06 20:00:00+00:00
2026-06-07 04:01:12,522 [INFO] live.engine: XRP/USDT:USDT: new 4H candle 2026-06-06 20:00:00+00:00
2026-06-07 04:01:14,255 [INFO] live.engine: ADA/USDT:USDT: new 4H candle 2026-06-06 20:00:00+00:00
2026-06-07 04:01:16,122 [INFO] live.engine: DOGE/USDT:USDT: new 4H candle 2026-06-06 20:00:00+00:00
2026-06-07 04:01:17,850 [INFO] live.engine: DOT/USDT:USDT: new 4H candle 2026-06-06 20:00:00+00:00
2026-06-07 04:01:19,805 [INFO] live.engine: AVAX/USDT:USDT: new 4H candle 2026-06-06 20:00:00+00:00
2026-06-07 04:01:21,668 [INFO] live.engine: LINK/USDT:USDT: new 4H candle 2026-06-06 20:00:00+00:00
2026-06-07 04:01:23,418 [INFO] live.engine: UNI/USDT:USDT: new 4H candle 2026-06-06 20:00:00+00:00
2026-06-07 04:01:25,246 [INFO] live.engine: ATOM/USDT:USDT: new 4H candle 2026-06-06 20:00:00+00:00
2026-06-07 04:01:27,000 [INFO] live.engine: LTC/USDT:USDT: new 4H candle 2026-06-06 20:00:00+00:00
2026-06-07 04:01:28,786 [INFO] live.engine: BCH/USDT:USDT: new 4H candle 2026-06-06 20:00:00+00:00
2026-06-07 04:01:30,728 [INFO] live.engine: APT/USDT:USDT: new 4H candle 2026-06-06 20:00:00+00:00
2026-06-07 04:01:32,601 [INFO] live.engine: ARB/USDT:USDT: new 4H candle 2026-06-06 20:00:00+00:00
2026-06-07 04:01:34,416 [INFO] live.engine: OP/USDT:USDT: new 4H candle 2026-06-06 20:00:00+00:00
2026-06-07 04:02:38,053 [INFO] live.engine: Heartbeat — 18 symbols, 0 open, equity=$74.53
2026-06-07 04:02:45,379 [INFO] live.engine: BNB/USDT:USDT: new 4H candle 2026-06-06 20:00:00+00:00
2026-06-07 04:05:51,514 [INFO] live.engine: Heartbeat — 18 symbols, 0 open, equity=$74.53
2026-06-07 04:09:02,838 [INFO] live.engine: Heartbeat — 18 symbols, 0 open, equity=$74.53
2026-06-07 04:12:10,981 [INFO] live.engine: Heartbeat — 18 symbols, 0 open, equity=$74.53
2026-06-07 04:15:22,986 [INFO] live.engine: Heartbeat — 18 symbols, 0 open, equity=$74.53
2026-06-07 04:18:34,289 [INFO] live.engine: Heartbeat — 18 symbols, 0 open, equity=$74.53
2026-06-07 04:21:45,277 [INFO] live.engine: Heartbeat — 18 symbols, 0 open, equity=$74.53
2026-06-07 04:24:56,677 [INFO] live.engine: Heartbeat — 18 symbols, 0 open, equity=$74.53
2026-06-07 04:28:08,401 [INFO] live.engine: Heartbeat — 18 symbols, 0 open, equity=$74.53
2026-06-07 04:31:23,487 [INFO] live.engine: Heartbeat — 18 symbols, 0 open, equity=$74.53
2026-06-07 04:34:36,475 [INFO] live.engine: Heartbeat — 18 symbols, 0 open, equity=$74.53
2026-06-07 04:37:48,251 [INFO] live.engine: Heartbeat — 18 symbols, 0 open, equity=$74.53
2026-06-07 04:41:01,240 [INFO] live.engine: Heartbeat — 18 symbols, 0 open, equity=$74.53
2026-06-07 04:44:13,714 [INFO] live.engine: Heartbeat — 18 symbols, 0 open, equity=$74.53
2026-06-07 04:47:25,830 [INFO] live.engine: Heartbeat — 18 symbols, 0 open, equity=$74.53
2026-06-07 04:50:38,718 [INFO] live.engine: Heartbeat — 18 symbols, 0 open, equity=$74.53
2026-06-07 04:53:54,692 [INFO] live.engine: Heartbeat — 18 symbols, 0 open, equity=$74.53
2026-06-07 04:57:07,269 [INFO] live.engine: Heartbeat — 18 symbols, 0 open, equity=$74.53
2026-06-07 05:00:18,784 [INFO] live.engine: Heartbeat — 18 symbols, 0 open, equity=$74.53
2026-06-07 05:03:28,917 [INFO] live.engine: Heartbeat — 18 symbols, 0 open, equity=$74.53
2026-06-07 05:06:40,876 [INFO] live.engine: Heartbeat — 18 symbols, 0 open, equity=$74.53
2026-06-07 05:09:54,711 [INFO] live.engine: Heartbeat — 18 symbols, 0 open, equity=$74.53
2026-06-07 05:13:06,563 [INFO] live.engine: Heartbeat — 18 symbols, 0 open, equity=$74.53
2026-06-07 05:16:19,666 [INFO] live.engine: Heartbeat — 18 symbols, 0 open, equity=$74.53
2026-06-07 05:19:33,482 [INFO] live.engine: Heartbeat — 18 symbols, 0 open, equity=$74.53
2026-06-07 05:22:45,839 [INFO] live.engine: Heartbeat — 18 symbols, 0 open, equity=$74.53
2026-06-07 05:25:58,213 [INFO] live.engine: Heartbeat — 18 symbols, 0 open, equity=$74.53
2026-06-07 05:29:06,008 [INFO] live.engine: Heartbeat — 18 symbols, 0 open, equity=$74.53
2026-06-07 05:32:18,598 [INFO] live.engine: Heartbeat — 18 symbols, 0 open, equity=$74.53
2026-06-07 05:35:31,827 [INFO] live.engine: Heartbeat — 18 symbols, 0 open, equity=$74.53
2026-06-07 05:38:41,856 [INFO] live.engine: Heartbeat — 18 symbols, 0 open, equity=$74.53
2026-06-07 05:41:54,107 [INFO] live.engine: Heartbeat — 18 symbols, 0 open, equity=$74.53
2026-06-07 05:45:06,064 [INFO] live.engine: Heartbeat — 18 symbols, 0 open, equity=$74.53
2026-06-07 05:48:18,976 [INFO] live.engine: Heartbeat — 18 symbols, 0 open, equity=$74.53
2026-06-07 05:51:31,266 [INFO] live.engine: Heartbeat — 18 symbols, 0 open, equity=$74.53
2026-06-07 05:54:44,308 [INFO] live.engine: Heartbeat — 18 symbols, 0 open, equity=$74.53
2026-06-07 05:57:56,801 [INFO] live.engine: Heartbeat — 18 symbols, 0 open, equity=$74.53
2026-06-07 06:01:09,963 [INFO] live.engine: Heartbeat — 18 symbols, 0 open, equity=$74.53
2026-06-07 06:05:32,120 [INFO] live.engine: Heartbeat — 18 symbols, 0 open, equity=$74.53
2026-06-07 06:08:48,228 [INFO] live.engine: Heartbeat — 18 symbols, 0 open, equity=$74.53
2026-06-07 06:12:00,565 [INFO] live.engine: Heartbeat — 18 symbols, 0 open, equity=$74.53
2026-06-07 06:15:13,101 [INFO] live.engine: Heartbeat — 18 symbols, 0 open, equity=$74.53
2026-06-07 06:18:24,410 [INFO] live.engine: Heartbeat — 18 symbols, 0 open, equity=$74.53
2026-06-07 06:21:35,711 [INFO] live.engine: Heartbeat — 18 symbols, 0 open, equity=$74.53
2026-06-07 06:24:47,723 [INFO] live.engine: Heartbeat — 18 symbols, 0 open, equity=$74.53
2026-06-07 06:28:00,716 [INFO] live.engine: Heartbeat — 18 symbols, 0 open, equity=$74.53
2026-06-07 06:31:12,710 [INFO] live.engine: Heartbeat — 18 symbols, 0 open, equity=$74.53
2026-06-07 06:34:26,028 [INFO] live.engine: Heartbeat — 18 symbols, 0 open, equity=$74.53
2026-06-07 06:37:33,751 [INFO] live.engine: Heartbeat — 18 symbols, 0 open, equity=$74.53
2026-06-07 06:40:47,148 [INFO] live.engine: Heartbeat — 18 symbols, 0 open, equity=$74.53
2026-06-07 06:43:57,739 [INFO] live.engine: Heartbeat — 18 symbols, 0 open, equity=$74.53
2026-06-07 06:47:09,688 [INFO] live.engine: Heartbeat — 18 symbols, 0 open, equity=$74.53
2026-06-07 06:50:14,941 [INFO] live.engine: Heartbeat — 18 symbols, 0 open, equity=$74.53
2026-06-07 06:53:27,480 [INFO] live.engine: Heartbeat — 18 symbols, 0 open, equity=$74.53
2026-06-07 06:56:39,645 [INFO] live.engine: Heartbeat — 18 symbols, 0 open, equity=$74.53
2026-06-07 06:59:54,017 [INFO] live.engine: Heartbeat — 18 symbols, 0 open, equity=$74.53
2026-06-07 07:03:05,575 [INFO] live.engine: Heartbeat — 18 symbols, 0 open, equity=$74.53
2026-06-07 07:06:16,993 [INFO] live.engine: Heartbeat — 18 symbols, 0 open, equity=$74.53
2026-06-07 07:09:28,875 [INFO] live.engine: Heartbeat — 18 symbols, 0 open, equity=$74.53
2026-06-07 07:12:39,972 [INFO] live.engine: Heartbeat — 18 symbols, 0 open, equity=$74.53
2026-06-07 07:15:51,957 [INFO] live.engine: Heartbeat — 18 symbols, 0 open, equity=$74.53
2026-06-07 07:19:04,154 [INFO] live.engine: Heartbeat — 18 symbols, 0 open, equity=$74.53
2026-06-07 07:22:10,425 [INFO] live.engine: Heartbeat — 18 symbols, 0 open, equity=$74.53
2026-06-07 07:25:20,261 [INFO] live.engine: Heartbeat — 18 symbols, 0 open, equity=$74.53
2026-06-07 07:28:34,578 [INFO] live.engine: Heartbeat — 18 symbols, 0 open, equity=$74.53
2026-06-07 07:31:39,803 [INFO] live.engine: Heartbeat — 18 symbols, 0 open, equity=$74.53
2026-06-07 07:34:52,155 [INFO] live.engine: Heartbeat — 18 symbols, 0 open, equity=$74.53
2026-06-07 07:38:03,549 [INFO] live.engine: Heartbeat — 18 symbols, 0 open, equity=$74.53
2026-06-07 07:41:15,320 [INFO] live.engine: Heartbeat — 18 symbols, 0 open, equity=$74.53
2026-06-07 07:44:30,230 [INFO] live.engine: Heartbeat — 18 symbols, 0 open, equity=$74.53
2026-06-07 07:47:43,308 [INFO] live.engine: Heartbeat — 18 symbols, 0 open, equity=$74.53
2026-06-07 07:50:53,941 [INFO] live.engine: Heartbeat — 18 symbols, 0 open, equity=$74.53
2026-06-07 07:54:07,159 [INFO] live.engine: Heartbeat — 18 symbols, 0 open, equity=$74.53
2026-06-07 07:57:16,971 [INFO] live.engine: Heartbeat — 18 symbols, 0 open, equity=$74.53
2026-06-07 08:00:33,780 [INFO] live.engine: Heartbeat — 18 symbols, 0 open, equity=$74.53
2026-06-07 08:00:35,578 [INFO] live.engine: BTC/USDT:USDT: new 4H candle 2026-06-07 00:00:00+00:00
2026-06-07 08:00:37,474 [INFO] live.engine: ETH/USDT:USDT: new 4H candle 2026-06-07 00:00:00+00:00
2026-06-07 08:00:39,349 [INFO] live.engine: SOL/USDT:USDT: new 4H candle 2026-06-07 00:00:00+00:00
2026-06-07 08:00:41,188 [INFO] live.engine: BNB/USDT:USDT: new 4H candle 2026-06-07 00:00:00+00:00
2026-06-07 08:00:43,176 [INFO] live.engine: XRP/USDT:USDT: new 4H candle 2026-06-07 00:00:00+00:00
2026-06-07 08:00:44,984 [INFO] live.engine: ADA/USDT:USDT: new 4H candle 2026-06-07 00:00:00+00:00
2026-06-07 08:00:46,872 [INFO] live.engine: DOGE/USDT:USDT: new 4H candle 2026-06-07 00:00:00+00:00
2026-06-07 08:00:48,642 [INFO] live.engine: DOT/USDT:USDT: new 4H candle 2026-06-07 00:00:00+00:00
2026-06-07 08:00:50,403 [INFO] live.engine: AVAX/USDT:USDT: new 4H candle 2026-06-07 00:00:00+00:00
2026-06-07 08:00:52,268 [INFO] live.engine: LINK/USDT:USDT: new 4H candle 2026-06-07 00:00:00+00:00
2026-06-07 08:00:54,410 [INFO] live.engine: UNI/USDT:USDT: new 4H candle 2026-06-07 00:00:00+00:00
2026-06-07 08:00:56,231 [INFO] live.engine: ATOM/USDT:USDT: new 4H candle 2026-06-07 00:00:00+00:00
2026-06-07 08:00:58,042 [INFO] live.engine: LTC/USDT:USDT: new 4H candle 2026-06-07 00:00:00+00:00
2026-06-07 08:00:59,819 [INFO] live.engine: BCH/USDT:USDT: new 4H candle 2026-06-07 00:00:00+00:00
2026-06-07 08:01:01,676 [INFO] live.engine: APT/USDT:USDT: new 4H candle 2026-06-07 00:00:00+00:00
2026-06-07 08:01:04,453 [INFO] live.engine: ARB/USDT:USDT: new 4H candle 2026-06-07 00:00:00+00:00
2026-06-07 08:01:06,535 [INFO] live.engine: OP/USDT:USDT: new 4H candle 2026-06-07 00:00:00+00:00
2026-06-07 08:01:08,592 [INFO] live.engine: SUI/USDT:USDT: new 4H candle 2026-06-07 00:00:00+00:00
2026-06-07 08:03:40,920 [INFO] live.engine: Heartbeat — 18 symbols, 0 open, equity=$74.53
2026-06-07 08:06:54,604 [INFO] live.engine: Heartbeat — 18 symbols, 0 open, equity=$74.53
2026-06-07 08:10:09,521 [INFO] live.engine: Heartbeat — 18 symbols, 0 open, equity=$74.53
2026-06-07 08:13:25,414 [INFO] live.engine: Heartbeat — 18 symbols, 0 open, equity=$74.53
2026-06-07 08:16:42,744 [INFO] live.engine: Heartbeat — 18 symbols, 0 open, equity=$74.53
2026-06-07 08:19:53,790 [INFO] live.engine: Heartbeat — 18 symbols, 0 open, equity=$74.53
2026-06-07 08:23:07,787 [INFO] live.engine: Heartbeat — 18 symbols, 0 open, equity=$74.53
2026-06-07 08:26:16,414 [INFO] live.engine: Heartbeat — 18 symbols, 0 open, equity=$74.53
2026-06-07 08:29:30,269 [INFO] live.engine: Heartbeat — 18 symbols, 0 open, equity=$74.53
2026-06-07 08:32:42,150 [INFO] live.engine: Heartbeat — 18 symbols, 0 open, equity=$74.53
2026-06-07 08:35:49,544 [INFO] live.engine: Heartbeat — 18 symbols, 0 open, equity=$74.53
2026-06-07 08:39:08,608 [INFO] live.engine: Heartbeat — 18 symbols, 0 open, equity=$74.53
2026-06-07 08:42:25,211 [INFO] live.engine: Heartbeat — 18 symbols, 0 open, equity=$74.53
2026-06-07 08:45:40,630 [INFO] live.engine: Heartbeat — 18 symbols, 0 open, equity=$74.53
2026-06-07 08:48:53,618 [INFO] live.engine: Heartbeat — 18 symbols, 0 open, equity=$74.53
2026-06-07 08:52:11,786 [INFO] live.engine: Heartbeat — 18 symbols, 0 open, equity=$74.53
2026-06-07 08:55:29,857 [INFO] live.engine: Heartbeat — 18 symbols, 0 open, equity=$74.53
2026-06-07 08:58:47,800 [INFO] live.engine: Heartbeat — 18 symbols, 0 open, equity=$74.53
2026-06-07 09:02:15,999 [INFO] live.engine: Heartbeat — 18 symbols, 0 open, equity=$74.53
2026-06-07 09:05:38,351 [INFO] live.engine: Heartbeat — 18 symbols, 0 open, equity=$74.53
2026-06-07 09:08:54,795 [INFO] live.engine: Heartbeat — 18 symbols, 0 open, equity=$74.53
2026-06-07 09:12:28,779 [INFO] live.engine: Heartbeat — 18 symbols, 0 open, equity=$74.53
2026-06-07 09:15:46,856 [INFO] live.engine: Heartbeat — 18 symbols, 0 open, equity=$74.53
2026-06-07 09:18:50,037 [INFO] live.engine: Heartbeat — 18 symbols, 0 open, equity=$74.53
2026-06-07 09:22:08,120 [INFO] live.engine: Heartbeat — 18 symbols, 0 open, equity=$74.53
2026-06-07 09:26:11,327 [INFO] live.engine: Heartbeat — 18 symbols, 0 open, equity=$74.53
2026-06-07 09:29:31,992 [INFO] live.engine: Heartbeat — 18 symbols, 0 open, equity=$74.53
2026-06-07 09:32:47,808 [INFO] live.engine: Heartbeat — 18 symbols, 0 open, equity=$74.53
2026-06-07 09:36:00,571 [INFO] live.engine: Heartbeat — 18 symbols, 0 open, equity=$74.53
2026-06-07 09:39:17,489 [INFO] live.engine: Heartbeat — 18 symbols, 0 open, equity=$74.53
2026-06-07 09:42:34,465 [INFO] live.engine: Heartbeat — 18 symbols, 0 open, equity=$74.53
2026-06-07 09:45:55,476 [INFO] live.engine: Heartbeat — 18 symbols, 0 open, equity=$74.53
2026-06-07 09:49:20,049 [INFO] live.engine: Heartbeat — 18 symbols, 0 open, equity=$74.53
2026-06-07 09:52:37,535 [INFO] live.engine: Heartbeat — 18 symbols, 0 open, equity=$74.53
2026-06-07 09:55:47,173 [INFO] live.engine: Heartbeat — 18 symbols, 0 open, equity=$74.53
2026-06-07 09:58:56,983 [INFO] live.engine: Heartbeat — 18 symbols, 0 open, equity=$74.53
2026-06-07 10:02:13,934 [INFO] live.engine: Heartbeat — 18 symbols, 0 open, equity=$74.53
2026-06-07 10:05:33,812 [INFO] live.engine: Heartbeat — 18 symbols, 0 open, equity=$74.53
2026-06-07 10:08:54,891 [INFO] live.engine: Heartbeat — 18 symbols, 0 open, equity=$74.53
2026-06-07 10:12:13,207 [INFO] live.engine: Heartbeat — 18 symbols, 0 open, equity=$74.53
2026-06-07 10:15:42,684 [INFO] live.engine: Heartbeat — 18 symbols, 0 open, equity=$74.53
2026-06-07 10:19:03,030 [INFO] live.engine: Heartbeat — 18 symbols, 0 open, equity=$74.53
2026-06-07 10:22:21,224 [INFO] live.engine: Heartbeat — 18 symbols, 0 open, equity=$74.53
2026-06-07 10:25:42,768 [INFO] live.engine: Heartbeat — 18 symbols, 0 open, equity=$74.53
2026-06-07 10:29:07,089 [INFO] live.engine: Heartbeat — 18 symbols, 0 open, equity=$74.53
2026-06-07 10:32:23,347 [INFO] live.engine: Heartbeat — 18 symbols, 0 open, equity=$74.53
2026-06-07 10:35:47,425 [INFO] live.engine: Heartbeat — 18 symbols, 0 open, equity=$74.53
2026-06-07 10:39:11,527 [INFO] live.engine: Heartbeat — 18 symbols, 0 open, equity=$74.53
2026-06-07 10:43:29,895 [INFO] live.engine: Heartbeat — 18 symbols, 0 open, equity=$74.53
2026-06-07 10:46:54,856 [INFO] live.engine: Heartbeat — 18 symbols, 0 open, equity=$74.53
2026-06-07 10:50:14,727 [INFO] live.engine: Heartbeat — 18 symbols, 0 open, equity=$74.53
2026-06-07 10:52:39,934 [ERROR] exchange.connector: Failed to initialize bybit: bybit GET https://api.bybit.com/v5/market/instruments-info?category=spot
2026-06-07 10:54:29,932 [INFO] live.engine: Heartbeat — 18 symbols, 0 open, equity=$74.53
2026-06-07 10:57:54,738 [INFO] live.engine: Heartbeat — 18 symbols, 0 open, equity=$74.53
2026-06-07 11:01:23,009 [INFO] live.engine: Heartbeat — 18 symbols, 0 open, equity=$74.53
2026-06-07 11:04:39,275 [INFO] live.engine: Heartbeat — 18 symbols, 0 open, equity=$74.53
2026-06-07 11:08:01,695 [INFO] live.engine: Heartbeat — 18 symbols, 0 open, equity=$74.53
2026-06-07 11:11:30,117 [INFO] live.engine: Heartbeat — 18 symbols, 0 open, equity=$74.53
2026-06-07 11:14:45,424 [INFO] live.engine: Heartbeat — 18 symbols, 0 open, equity=$74.53
2026-06-07 11:18:11,687 [INFO] live.engine: Heartbeat — 18 symbols, 0 open, equity=$74.53
2026-06-07 11:21:30,135 [INFO] live.engine: Heartbeat — 18 symbols, 0 open, equity=$74.53
2026-06-07 11:26:07,051 [INFO] live.engine: Heartbeat — 18 symbols, 0 open, equity=$74.53
2026-06-07 11:29:20,836 [INFO] live.engine: Heartbeat — 18 symbols, 0 open, equity=$74.53
2026-06-07 11:32:44,616 [INFO] live.engine: Heartbeat — 18 symbols, 0 open, equity=$74.53
2026-06-07 11:36:28,673 [INFO] live.engine: Heartbeat — 18 symbols, 0 open, equity=$74.53
2026-06-07 11:40:34,810 [INFO] live.engine: Heartbeat — 18 symbols, 0 open, equity=$74.53
2026-06-07 11:44:08,555 [INFO] live.engine: Heartbeat — 18 symbols, 0 open, equity=$74.53
2026-06-07 11:47:32,292 [INFO] live.engine: Heartbeat — 18 symbols, 0 open, equity=$74.53
2026-06-07 11:50:57,620 [INFO] live.engine: Heartbeat — 18 symbols, 0 open, equity=$74.53
2026-06-07 11:54:41,201 [INFO] live.engine: Heartbeat — 18 symbols, 0 open, equity=$74.53
2026-06-07 11:58:04,739 [INFO] live.engine: Heartbeat — 18 symbols, 0 open, equity=$74.53
2026-06-07 12:00:02,788 [INFO] live.engine: ADA/USDT:USDT: new 4H candle 2026-06-07 04:00:00+00:00
2026-06-07 12:00:07,928 [INFO] live.engine: AVAX/USDT:USDT: new 4H candle 2026-06-07 04:00:00+00:00
2026-06-07 12:00:15,217 [INFO] live.engine: ATOM/USDT:USDT: new 4H candle 2026-06-07 04:00:00+00:00
2026-06-07 12:00:17,031 [INFO] live.engine: LTC/USDT:USDT: new 4H candle 2026-06-07 04:00:00+00:00
2026-06-07 12:00:21,265 [INFO] live.engine: BCH/USDT:USDT: new 4H candle 2026-06-07 04:00:00+00:00
2026-06-07 12:00:23,206 [INFO] live.engine: APT/USDT:USDT: new 4H candle 2026-06-07 04:00:00+00:00
2026-06-07 12:00:25,102 [INFO] live.engine: ARB/USDT:USDT: new 4H candle 2026-06-07 04:00:00+00:00
2026-06-07 12:00:26,910 [INFO] live.engine: OP/USDT:USDT: new 4H candle 2026-06-07 04:00:00+00:00
2026-06-07 12:00:28,878 [INFO] live.engine: SUI/USDT:USDT: new 4H candle 2026-06-07 04:00:00+00:00
2026-06-07 12:01:30,627 [INFO] live.engine: Heartbeat — 18 symbols, 0 open, equity=$74.53
2026-06-07 12:01:32,749 [INFO] live.engine: BTC/USDT:USDT: new 4H candle 2026-06-07 04:00:00+00:00
2026-06-07 12:01:34,682 [INFO] live.engine: ETH/USDT:USDT: new 4H candle 2026-06-07 04:00:00+00:00
2026-06-07 12:01:40,467 [INFO] live.engine: SOL/USDT:USDT: new 4H candle 2026-06-07 04:00:00+00:00
2026-06-07 12:01:42,499 [INFO] live.engine: BNB/USDT:USDT: new 4H candle 2026-06-07 04:00:00+00:00
2026-06-07 12:01:44,432 [INFO] live.engine: XRP/USDT:USDT: new 4H candle 2026-06-07 04:00:00+00:00
2026-06-07 12:01:49,265 [INFO] live.engine: DOGE/USDT:USDT: new 4H candle 2026-06-07 04:00:00+00:00
2026-06-07 12:01:51,315 [INFO] live.engine: DOT/USDT:USDT: new 4H candle 2026-06-07 04:00:00+00:00
2026-06-07 12:01:55,192 [INFO] live.engine: LINK/USDT:USDT: new 4H candle 2026-06-07 04:00:00+00:00
2026-06-07 12:01:57,088 [INFO] live.engine: UNI/USDT:USDT: new 4H candle 2026-06-07 04:00:00+00:00
2026-06-07 12:04:42,783 [INFO] live.engine: Heartbeat — 18 symbols, 0 open, equity=$74.53
2026-06-07 12:05:13,232 [ERROR] exchange.connector: Failed to initialize bybit: bybit GET https://api.bybit.com/v5/market/instruments-info?category=spot
2026-06-07 12:08:18,124 [INFO] live.engine: Heartbeat — 18 symbols, 0 open, equity=$74.53
2026-06-07 12:11:48,568 [INFO] live.engine: Heartbeat — 18 symbols, 0 open, equity=$74.53
2026-06-07 12:15:10,272 [INFO] live.engine: Heartbeat — 18 symbols, 0 open, equity=$74.53
2026-06-07 12:18:37,909 [INFO] live.engine: Heartbeat — 18 symbols, 0 open, equity=$74.53
2026-06-07 12:22:02,232 [INFO] live.engine: Heartbeat — 18 symbols, 0 open, equity=$74.53
2026-06-07 12:25:29,047 [INFO] live.engine: Heartbeat — 18 symbols, 0 open, equity=$74.53
2026-06-07 12:28:40,268 [INFO] live.engine: Heartbeat — 18 symbols, 0 open, equity=$74.53
2026-06-07 12:31:53,359 [INFO] live.engine: Heartbeat — 18 symbols, 0 open, equity=$74.53
2026-06-07 12:34:53,281 [INFO] live.engine: Heartbeat — 18 symbols, 0 open, equity=$74.53
2026-06-07 12:38:01,955 [INFO] live.engine: Heartbeat — 18 symbols, 0 open, equity=$74.53
2026-06-07 12:41:36,563 [INFO] live.engine: Heartbeat — 18 symbols, 0 open, equity=$74.53
2026-06-07 12:45:02,334 [INFO] live.engine: Heartbeat — 18 symbols, 0 open, equity=$74.53
2026-06-07 12:48:20,507 [INFO] live.engine: Heartbeat — 18 symbols, 0 open, equity=$74.53
2026-06-07 12:51:43,695 [INFO] live.engine: Heartbeat — 18 symbols, 0 open, equity=$74.53
2026-06-07 12:55:10,714 [INFO] live.engine: Heartbeat — 18 symbols, 0 open, equity=$74.53
2026-06-07 12:58:40,383 [WARNING] live.engine: BTC/USDT:USDT: could not fetch price
2026-06-07 12:58:40,385 [WARNING] live.engine: ETH/USDT:USDT: could not fetch price
2026-06-07 12:58:40,484 [WARNING] live.engine: SOL/USDT:USDT: could not fetch price
2026-06-07 12:58:40,584 [WARNING] live.engine: BNB/USDT:USDT: could not fetch price
2026-06-07 12:58:40,686 [WARNING] live.engine: XRP/USDT:USDT: could not fetch price
2026-06-07 12:58:40,786 [WARNING] live.engine: ADA/USDT:USDT: could not fetch price
2026-06-07 12:58:40,886 [WARNING] live.engine: DOGE/USDT:USDT: could not fetch price
2026-06-07 12:58:40,986 [WARNING] live.engine: DOT/USDT:USDT: could not fetch price
2026-06-07 12:58:41,086 [WARNING] live.engine: AVAX/USDT:USDT: could not fetch price
2026-06-07 12:58:41,187 [WARNING] live.engine: LINK/USDT:USDT: could not fetch price
2026-06-07 12:58:41,285 [WARNING] live.engine: UNI/USDT:USDT: could not fetch price
2026-06-07 12:58:41,386 [WARNING] live.engine: ATOM/USDT:USDT: could not fetch price
2026-06-07 12:58:41,486 [WARNING] live.engine: LTC/USDT:USDT: could not fetch price
2026-06-07 12:58:41,586 [WARNING] live.engine: BCH/USDT:USDT: could not fetch price
2026-06-07 12:58:41,686 [WARNING] live.engine: APT/USDT:USDT: could not fetch price
2026-06-07 12:58:41,786 [WARNING] live.engine: ARB/USDT:USDT: could not fetch price
2026-06-07 12:58:41,886 [WARNING] live.engine: OP/USDT:USDT: could not fetch price
2026-06-07 12:58:41,986 [WARNING] live.engine: SUI/USDT:USDT: could not fetch price
2026-06-07 12:58:41,989 [ERROR] exchange.connector: Failed to initialize bybit: bybit GET https://api.bybit.com/v5/market/instruments-info?category=spot
2026-06-07 12:58:41,993 [ERROR] exchange.connector: Failed to initialize bybit: bybit GET https://api.bybit.com/v5/market/instruments-info?category=spot
2026-06-07 12:58:41,998 [ERROR] exchange.connector: Failed to initialize bybit: bybit GET https://api.bybit.com/v5/market/instruments-info?category=spot
2026-06-07 12:58:42,002 [ERROR] exchange.connector: Failed to initialize bybit: bybit GET https://api.bybit.com/v5/market/instruments-info?category=spot
2026-06-07 12:58:42,005 [ERROR] exchange.connector: Failed to initialize bybit: bybit GET https://api.bybit.com/v5/market/instruments-info?category=spot
2026-06-07 12:58:42,009 [ERROR] exchange.connector: Failed to initialize bybit: bybit GET https://api.bybit.com/v5/market/instruments-info?category=spot
2026-06-07 12:58:42,012 [ERROR] exchange.connector: Failed to initialize bybit: bybit GET https://api.bybit.com/v5/market/instruments-info?category=spot
2026-06-07 12:58:42,016 [ERROR] exchange.connector: Failed to initialize bybit: bybit GET https://api.bybit.com/v5/market/instruments-info?category=spot
2026-06-07 12:58:42,019 [ERROR] exchange.connector: Failed to initialize bybit: bybit GET https://api.bybit.com/v5/market/instruments-info?category=spot
2026-06-07 12:58:42,022 [ERROR] exchange.connector: Failed to initialize bybit: bybit GET https://api.bybit.com/v5/market/instruments-info?category=spot
2026-06-07 12:58:42,025 [ERROR] exchange.connector: Failed to initialize bybit: bybit GET https://api.bybit.com/v5/market/instruments-info?category=spot
2026-06-07 12:58:42,029 [ERROR] exchange.connector: Failed to initialize bybit: bybit GET https://api.bybit.com/v5/market/instruments-info?category=spot
2026-06-07 12:58:42,032 [ERROR] exchange.connector: Failed to initialize bybit: bybit GET https://api.bybit.com/v5/market/instruments-info?category=spot
2026-06-07 12:58:42,036 [ERROR] exchange.connector: Failed to initialize bybit: bybit GET https://api.bybit.com/v5/market/instruments-info?category=spot
2026-06-07 12:58:42,039 [ERROR] exchange.connector: Failed to initialize bybit: bybit GET https://api.bybit.com/v5/market/instruments-info?category=spot
2026-06-07 12:58:42,043 [ERROR] exchange.connector: Failed to initialize bybit: bybit GET https://api.bybit.com/v5/market/instruments-info?category=spot
2026-06-07 12:58:42,046 [ERROR] exchange.connector: Failed to initialize bybit: bybit GET https://api.bybit.com/v5/market/instruments-info?category=spot
2026-06-07 12:58:42,050 [ERROR] exchange.connector: Failed to initialize bybit: bybit GET https://api.bybit.com/v5/market/instruments-info?category=spot
2026-06-07 12:59:44,075 [INFO] live.engine: Heartbeat — 18 symbols, 0 open, equity=$74.53
2026-06-07 13:03:07,186 [INFO] live.engine: Heartbeat — 18 symbols, 0 open, equity=$74.53
2026-06-07 13:06:32,024 [INFO] live.engine: Heartbeat — 18 symbols, 0 open, equity=$74.53
2026-06-07 13:09:56,759 [INFO] live.engine: Heartbeat — 18 symbols, 0 open, equity=$74.53
2026-06-07 13:13:31,202 [INFO] live.engine: Heartbeat — 18 symbols, 0 open, equity=$74.53
2026-06-07 13:16:47,592 [INFO] live.engine: Heartbeat — 18 symbols, 0 open, equity=$74.53
2026-06-07 13:20:31,917 [INFO] live.engine: Heartbeat — 18 symbols, 0 open, equity=$74.53
2026-06-07 13:23:59,817 [INFO] live.engine: Heartbeat — 18 symbols, 0 open, equity=$74.53
2026-06-07 13:27:20,523 [INFO] live.engine: Heartbeat — 18 symbols, 0 open, equity=$74.53
2026-06-07 13:31:34,367 [INFO] live.engine: Heartbeat — 18 symbols, 0 open, equity=$74.53
2026-06-07 13:35:45,791 [INFO] live.engine: Heartbeat — 18 symbols, 0 open, equity=$74.53
2026-06-07 13:39:26,437 [INFO] live.engine: Heartbeat — 18 symbols, 0 open, equity=$74.53
2026-06-07 13:42:58,805 [INFO] live.engine: Heartbeat — 18 symbols, 0 open, equity=$74.53
2026-06-07 13:46:40,828 [INFO] live.engine: Heartbeat — 18 symbols, 0 open, equity=$74.53
2026-06-07 13:50:51,412 [INFO] live.engine: Heartbeat — 18 symbols, 0 open, equity=$74.53
2026-06-07 13:54:16,165 [INFO] live.engine: Heartbeat — 18 symbols, 0 open, equity=$74.53
2026-06-07 13:57:47,674 [INFO] live.engine: Heartbeat — 18 symbols, 0 open, equity=$74.53
2026-06-07 14:01:18,617 [INFO] live.engine: Heartbeat — 18 symbols, 0 open, equity=$74.53
2026-06-07 14:04:36,497 [INFO] live.engine: Heartbeat — 18 symbols, 0 open, equity=$74.53
2026-06-07 14:08:01,692 [INFO] live.engine: Heartbeat — 18 symbols, 0 open, equity=$74.53
2026-06-07 14:11:43,610 [INFO] live.engine: Heartbeat — 18 symbols, 0 open, equity=$74.53
2026-06-07 14:15:33,075 [INFO] live.engine: Heartbeat — 18 symbols, 0 open, equity=$74.53
2026-06-07 14:20:26,611 [INFO] live.engine: Heartbeat — 18 symbols, 0 open, equity=$74.53
2026-06-07 14:24:03,778 [INFO] live.engine: Heartbeat — 18 symbols, 0 open, equity=$74.53
2026-06-07 14:27:23,119 [INFO] live.engine: Heartbeat — 18 symbols, 0 open, equity=$74.53
2026-06-07 14:32:12,901 [INFO] live.engine: Heartbeat — 18 symbols, 0 open, equity=$74.53
2026-06-07 14:35:40,903 [INFO] live.engine: Heartbeat — 18 symbols, 0 open, equity=$74.53
2026-06-07 14:39:01,662 [INFO] live.engine: Heartbeat — 18 symbols, 0 open, equity=$74.53
2026-06-07 14:42:33,018 [INFO] live.engine: Heartbeat — 18 symbols, 0 open, equity=$74.53
2026-06-07 14:46:02,647 [INFO] live.engine: Heartbeat — 18 symbols, 0 open, equity=$74.53
2026-06-07 14:49:28,819 [INFO] live.engine: Heartbeat — 18 symbols, 0 open, equity=$74.53
2026-06-07 14:52:49,490 [INFO] live.engine: Heartbeat — 18 symbols, 0 open, equity=$74.53
2026-06-07 14:56:16,938 [INFO] live.engine: Heartbeat — 18 symbols, 0 open, equity=$74.53
2026-06-07 14:59:41,201 [INFO] live.engine: Heartbeat — 18 symbols, 0 open, equity=$74.53
2026-06-07 15:03:00,425 [INFO] live.engine: Heartbeat — 18 symbols, 0 open, equity=$74.53
2026-06-07 15:06:22,865 [INFO] live.engine: Heartbeat — 18 symbols, 0 open, equity=$74.53
2026-06-07 15:10:35,276 [INFO] live.engine: Heartbeat — 18 symbols, 0 open, equity=$74.53
2026-06-07 15:14:02,184 [INFO] live.engine: Heartbeat — 18 symbols, 0 open, equity=$74.53
2026-06-07 15:17:56,228 [INFO] live.engine: Heartbeat — 18 symbols, 0 open, equity=$74.53
2026-06-07 15:21:31,626 [INFO] live.engine: Heartbeat — 18 symbols, 0 open, equity=$74.53
2026-06-07 15:24:49,590 [INFO] live.engine: Heartbeat — 18 symbols, 0 open, equity=$74.53
2026-06-07 15:28:07,730 [INFO] live.engine: Heartbeat — 18 symbols, 0 open, equity=$74.53
2026-06-07 15:31:49,100 [INFO] live.engine: Heartbeat — 18 symbols, 0 open, equity=$74.53
2026-06-07 15:35:17,941 [INFO] live.engine: Heartbeat — 18 symbols, 0 open, equity=$74.53
2026-06-07 15:38:33,889 [INFO] live.engine: Heartbeat — 18 symbols, 0 open, equity=$74.53
2026-06-07 15:41:52,497 [INFO] live.engine: Heartbeat — 18 symbols, 0 open, equity=$74.53
2026-06-07 15:45:17,892 [INFO] live.engine: Heartbeat — 18 symbols, 0 open, equity=$74.53
2026-06-07 15:46:37,444 [ERROR] exchange.connector: Failed to initialize bybit: bybit GET https://api.bybit.com/v5/market/instruments-info?category=spot
2026-06-07 15:49:38,481 [INFO] live.engine: Heartbeat — 18 symbols, 0 open, equity=$74.53
2026-06-07 15:53:05,239 [INFO] live.engine: Heartbeat — 18 symbols, 0 open, equity=$74.53
2026-06-07 15:56:33,496 [INFO] live.engine: Heartbeat — 18 symbols, 0 open, equity=$74.53
2026-06-07 15:59:56,185 [INFO] live.engine: Heartbeat — 18 symbols, 0 open, equity=$74.53
2026-06-07 16:00:12,352 [INFO] live.engine: BTC/USDT:USDT: new 4H candle 2026-06-07 08:00:00+00:00
2026-06-07 16:00:30,327 [INFO] live.engine: ETH/USDT:USDT: new 4H candle 2026-06-07 08:00:00+00:00
2026-06-07 16:00:52,644 [INFO] live.engine: SOL/USDT:USDT: new 4H candle 2026-06-07 08:00:00+00:00
2026-06-07 16:00:54,320 [INFO] live.engine: BNB/USDT:USDT: new 4H candle 2026-06-07 08:00:00+00:00
2026-06-07 16:00:56,184 [INFO] live.engine: XRP/USDT:USDT: new 4H candle 2026-06-07 08:00:00+00:00
2026-06-07 16:00:57,986 [INFO] live.engine: ADA/USDT:USDT: new 4H candle 2026-06-07 08:00:00+00:00
2026-06-07 16:00:59,803 [INFO] live.engine: DOGE/USDT:USDT: new 4H candle 2026-06-07 08:00:00+00:00
2026-06-07 16:01:01,670 [INFO] live.engine: DOT/USDT:USDT: new 4H candle 2026-06-07 08:00:00+00:00
2026-06-07 16:01:07,054 [INFO] live.engine: AVAX/USDT:USDT: new 4H candle 2026-06-07 08:00:00+00:00
2026-06-07 16:01:08,817 [INFO] live.engine: LINK/USDT:USDT: new 4H candle 2026-06-07 08:00:00+00:00
2026-06-07 16:01:13,382 [INFO] live.engine: UNI/USDT:USDT: new 4H candle 2026-06-07 08:00:00+00:00
2026-06-07 16:01:15,237 [INFO] live.engine: ATOM/USDT:USDT: new 4H candle 2026-06-07 08:00:00+00:00
2026-06-07 16:01:17,056 [INFO] live.engine: LTC/USDT:USDT: new 4H candle 2026-06-07 08:00:00+00:00
2026-06-07 16:01:18,876 [INFO] live.engine: BCH/USDT:USDT: new 4H candle 2026-06-07 08:00:00+00:00
2026-06-07 16:01:20,658 [INFO] live.engine: APT/USDT:USDT: new 4H candle 2026-06-07 08:00:00+00:00
2026-06-07 16:01:22,535 [INFO] live.engine: ARB/USDT:USDT: new 4H candle 2026-06-07 08:00:00+00:00
2026-06-07 16:01:26,004 [INFO] live.engine: OP/USDT:USDT: new 4H candle 2026-06-07 08:00:00+00:00
2026-06-07 16:01:31,797 [INFO] live.engine: SUI/USDT:USDT: new 4H candle 2026-06-07 08:00:00+00:00
2026-06-07 16:04:26,244 [INFO] live.engine: Heartbeat — 18 symbols, 0 open, equity=$74.53
2026-06-07 16:07:54,588 [INFO] live.engine: Heartbeat — 18 symbols, 0 open, equity=$74.53
2026-06-07 16:11:24,733 [INFO] live.engine: Heartbeat — 18 symbols, 0 open, equity=$74.53
2026-06-07 16:14:56,150 [INFO] live.engine: Heartbeat — 18 symbols, 0 open, equity=$74.53
2026-06-07 16:18:29,677 [INFO] live.engine: Heartbeat — 18 symbols, 0 open, equity=$74.53
2026-06-07 16:22:03,872 [INFO] live.engine: Heartbeat — 18 symbols, 0 open, equity=$74.53
2026-06-07 16:25:36,826 [INFO] live.engine: Heartbeat — 18 symbols, 0 open, equity=$74.53
2026-06-07 16:30:58,353 [INFO] live.engine: Heartbeat — 18 symbols, 0 open, equity=$74.53
2026-06-07 16:34:31,104 [INFO] live.engine: Heartbeat — 18 symbols, 0 open, equity=$74.53
2026-06-07 16:38:29,009 [INFO] live.engine: Heartbeat — 18 symbols, 0 open, equity=$74.53
2026-06-07 16:41:55,887 [INFO] live.engine: Heartbeat — 18 symbols, 0 open, equity=$74.53
2026-06-07 16:45:21,932 [INFO] live.engine: Heartbeat — 18 symbols, 0 open, equity=$74.53
2026-06-07 16:48:51,286 [INFO] live.engine: Heartbeat — 18 symbols, 0 open, equity=$74.53
2026-06-07 16:52:52,980 [INFO] live.engine: Heartbeat — 18 symbols, 0 open, equity=$74.53
2026-06-07 16:56:25,033 [INFO] live.engine: Heartbeat — 18 symbols, 0 open, equity=$74.53
2026-06-07 16:59:56,152 [INFO] live.engine: Heartbeat — 18 symbols, 0 open, equity=$74.53
2026-06-07 17:03:31,302 [INFO] live.engine: Heartbeat — 18 symbols, 0 open, equity=$74.53
2026-06-07 17:07:04,132 [INFO] live.engine: Heartbeat — 18 symbols, 0 open, equity=$74.53
2026-06-07 17:10:40,604 [INFO] live.engine: Heartbeat — 18 symbols, 0 open, equity=$74.53
2026-06-07 17:14:01,846 [INFO] live.engine: Heartbeat — 18 symbols, 0 open, equity=$74.53
2026-06-07 17:17:32,847 [INFO] live.engine: Heartbeat — 18 symbols, 0 open, equity=$74.53
2026-06-07 17:21:08,055 [INFO] live.engine: Heartbeat — 18 symbols, 0 open, equity=$74.53
2026-06-07 17:24:38,774 [INFO] live.engine: Heartbeat — 18 symbols, 0 open, equity=$74.53
2026-06-07 17:28:03,922 [INFO] live.engine: Heartbeat — 18 symbols, 0 open, equity=$74.53
2026-06-07 17:31:16,847 [INFO] live.engine: Heartbeat — 18 symbols, 0 open, equity=$74.53
2026-06-07 17:34:41,149 [INFO] live.engine: Heartbeat — 18 symbols, 0 open, equity=$74.53
2026-06-07 17:37:56,317 [INFO] live.engine: Heartbeat — 18 symbols, 0 open, equity=$74.53
2026-06-07 17:41:26,395 [INFO] live.engine: Heartbeat — 18 symbols, 0 open, equity=$74.53
2026-06-07 17:45:01,822 [INFO] live.engine: Heartbeat — 18 symbols, 0 open, equity=$74.53
2026-06-07 17:48:37,718 [INFO] live.engine: Heartbeat — 18 symbols, 0 open, equity=$74.53
2026-06-07 17:52:10,805 [INFO] live.engine: Heartbeat — 18 symbols, 0 open, equity=$74.53
2026-06-07 17:55:44,469 [INFO] live.engine: Heartbeat — 18 symbols, 0 open, equity=$74.53
2026-06-07 17:59:19,049 [INFO] live.engine: Heartbeat — 18 symbols, 0 open, equity=$74.53
2026-06-07 18:03:15,906 [INFO] live.engine: Heartbeat — 18 symbols, 0 open, equity=$74.53
2026-06-07 18:06:36,662 [INFO] live.engine: Heartbeat — 18 symbols, 0 open, equity=$74.53
2026-06-07 18:10:24,192 [INFO] live.engine: Heartbeat — 18 symbols, 0 open, equity=$74.53
2026-06-07 18:13:58,823 [INFO] live.engine: Heartbeat — 18 symbols, 0 open, equity=$74.53
2026-06-07 18:18:10,947 [INFO] live.engine: Heartbeat — 18 symbols, 0 open, equity=$74.53
2026-06-07 18:21:41,751 [INFO] live.engine: Heartbeat — 18 symbols, 0 open, equity=$74.53
2026-06-07 18:25:13,942 [INFO] live.engine: Heartbeat — 18 symbols, 0 open, equity=$74.53
2026-06-07 18:28:44,812 [INFO] live.engine: Heartbeat — 18 symbols, 0 open, equity=$74.53
2026-06-07 18:32:05,611 [INFO] live.engine: Heartbeat — 18 symbols, 0 open, equity=$74.53
2026-06-07 18:35:49,158 [INFO] live.engine: Heartbeat — 18 symbols, 0 open, equity=$74.53
2026-06-07 18:40:20,184 [INFO] live.engine: Heartbeat — 18 symbols, 0 open, equity=$74.53
2026-06-07 18:43:55,548 [INFO] live.engine: Heartbeat — 18 symbols, 0 open, equity=$74.53
2026-06-07 18:47:36,802 [INFO] live.engine: Heartbeat — 18 symbols, 0 open, equity=$74.53
2026-06-07 18:51:04,708 [INFO] live.engine: Heartbeat — 18 symbols, 0 open, equity=$74.53
2026-06-07 18:54:51,936 [INFO] live.engine: Heartbeat — 18 symbols, 0 open, equity=$74.53
2026-06-07 18:58:10,191 [INFO] live.engine: Heartbeat — 18 symbols, 0 open, equity=$74.53
2026-06-07 19:01:26,793 [INFO] live.engine: Heartbeat — 18 symbols, 0 open, equity=$74.53
2026-06-07 19:04:53,441 [INFO] live.engine: Heartbeat — 18 symbols, 0 open, equity=$74.53
2026-06-07 19:08:27,814 [INFO] live.engine: Heartbeat — 18 symbols, 0 open, equity=$74.53
2026-06-07 19:12:38,290 [INFO] live.engine: Heartbeat — 18 symbols, 0 open, equity=$74.53
2026-06-07 19:16:10,889 [INFO] live.engine: Heartbeat — 18 symbols, 0 open, equity=$74.53
2026-06-07 19:19:51,503 [INFO] live.engine: Heartbeat — 18 symbols, 0 open, equity=$74.53
2026-06-07 19:23:22,196 [INFO] live.engine: Heartbeat — 18 symbols, 0 open, equity=$74.53
2026-06-07 19:27:04,869 [INFO] live.engine: Heartbeat — 18 symbols, 0 open, equity=$74.53
2026-06-07 19:30:37,557 [INFO] live.engine: Heartbeat — 18 symbols, 0 open, equity=$74.53
2026-06-07 19:34:06,535 [INFO] live.engine: Heartbeat — 18 symbols, 0 open, equity=$74.53
2026-06-07 19:37:41,904 [INFO] live.engine: Heartbeat — 18 symbols, 0 open, equity=$74.53
2026-06-07 19:39:36,619 [WARNING] live.engine: OP/USDT:USDT: could not fetch price
2026-06-07 19:41:12,124 [INFO] live.engine: Heartbeat — 18 symbols, 0 open, equity=$74.53
2026-06-07 19:44:52,482 [INFO] live.engine: Heartbeat — 18 symbols, 0 open, equity=$74.53
2026-06-07 19:48:55,763 [INFO] live.engine: Heartbeat — 18 symbols, 0 open, equity=$74.53
2026-06-07 19:52:18,358 [INFO] live.engine: Heartbeat — 18 symbols, 0 open, equity=$74.53
2026-06-07 19:55:40,202 [INFO] live.engine: Heartbeat — 18 symbols, 0 open, equity=$74.53
2026-06-07 20:00:00,916 [INFO] live.engine: Heartbeat — 18 symbols, 0 open, equity=$74.53
2026-06-07 20:00:03,459 [INFO] live.engine: BTC/USDT:USDT: new 4H candle 2026-06-07 12:00:00+00:00
2026-06-07 20:00:05,425 [INFO] live.engine: ETH/USDT:USDT: new 4H candle 2026-06-07 12:00:00+00:00
2026-06-07 20:00:07,381 [INFO] live.engine: SOL/USDT:USDT: new 4H candle 2026-06-07 12:00:00+00:00
2026-06-07 20:00:09,412 [INFO] live.engine: BNB/USDT:USDT: new 4H candle 2026-06-07 12:00:00+00:00
2026-06-07 20:00:11,584 [INFO] live.engine: XRP/USDT:USDT: new 4H candle 2026-06-07 12:00:00+00:00
2026-06-07 20:00:13,816 [INFO] live.engine: ADA/USDT:USDT: new 4H candle 2026-06-07 12:00:00+00:00
2026-06-07 20:00:15,591 [INFO] live.engine: DOGE/USDT:USDT: new 4H candle 2026-06-07 12:00:00+00:00
2026-06-07 20:00:17,600 [INFO] live.engine: DOT/USDT:USDT: new 4H candle 2026-06-07 12:00:00+00:00
2026-06-07 20:00:19,478 [INFO] live.engine: AVAX/USDT:USDT: new 4H candle 2026-06-07 12:00:00+00:00
2026-06-07 20:00:21,391 [INFO] live.engine: LINK/USDT:USDT: new 4H candle 2026-06-07 12:00:00+00:00
2026-06-07 20:00:23,454 [INFO] live.engine: UNI/USDT:USDT: new 4H candle 2026-06-07 12:00:00+00:00
2026-06-07 20:00:25,254 [INFO] live.engine: ATOM/USDT:USDT: new 4H candle 2026-06-07 12:00:00+00:00
2026-06-07 20:00:31,353 [INFO] live.engine: BCH/USDT:USDT: new 4H candle 2026-06-07 12:00:00+00:00
2026-06-07 20:00:33,170 [INFO] live.engine: APT/USDT:USDT: new 4H candle 2026-06-07 12:00:00+00:00
2026-06-07 20:00:35,094 [INFO] live.engine: ARB/USDT:USDT: new 4H candle 2026-06-07 12:00:00+00:00
2026-06-07 20:00:37,263 [INFO] live.engine: OP/USDT:USDT: new 4H candle 2026-06-07 12:00:00+00:00
2026-06-07 20:00:39,122 [INFO] live.engine: SUI/USDT:USDT: new 4H candle 2026-06-07 12:00:00+00:00
2026-06-07 20:02:16,170 [INFO] live.engine: LTC/USDT:USDT: new 4H candle 2026-06-07 12:00:00+00:00
2026-06-07 20:03:28,168 [INFO] live.engine: Heartbeat — 18 symbols, 0 open, equity=$74.53
2026-06-07 20:07:13,330 [INFO] live.engine: Heartbeat — 18 symbols, 0 open, equity=$74.53
2026-06-07 20:10:14,947 [INFO] live.engine: Heartbeat — 18 symbols, 0 open, equity=$74.53
2026-06-07 20:13:31,406 [INFO] live.engine: Heartbeat — 18 symbols, 0 open, equity=$74.53
2026-06-07 20:17:00,260 [INFO] live.engine: Heartbeat — 18 symbols, 0 open, equity=$74.53
2026-06-07 20:20:29,001 [INFO] live.engine: Heartbeat — 18 symbols, 0 open, equity=$74.53
2026-06-07 20:21:01,500 [ERROR] exchange.connector: Failed to initialize bybit: bybit GET https://api.bybit.com/v5/market/instruments-info?category=option&baseCoin=DOGE
2026-06-07 20:23:59,202 [INFO] live.engine: Heartbeat — 18 symbols, 0 open, equity=$74.53
2026-06-07 20:27:23,894 [INFO] live.engine: Heartbeat — 18 symbols, 0 open, equity=$74.53
2026-06-07 20:30:49,276 [INFO] live.engine: Heartbeat — 18 symbols, 0 open, equity=$74.53
2026-06-07 20:34:20,141 [INFO] live.engine: Heartbeat — 18 symbols, 0 open, equity=$74.53
2026-06-07 20:37:39,372 [INFO] live.engine: Heartbeat — 18 symbols, 0 open, equity=$74.53
2026-06-07 20:40:49,539 [INFO] live.engine: Heartbeat — 18 symbols, 0 open, equity=$74.53
2026-06-07 20:44:16,133 [INFO] live.engine: Heartbeat — 18 symbols, 0 open, equity=$74.53
2026-06-07 20:44:33,495 [ERROR] exchange.connector: Failed to initialize bybit: bybit GET https://api.bybit.com/v5/market/instruments-info?category=option&baseCoin=MNT
2026-06-07 20:47:46,009 [INFO] live.engine: Heartbeat — 18 symbols, 0 open, equity=$74.53
2026-06-07 20:48:39,916 [ERROR] exchange.connector: Failed to initialize bybit: bybit GET https://api.bybit.com/v5/market/instruments-info?category=linear&limit=1000
2026-06-07 20:51:39,025 [INFO] live.engine: Heartbeat — 18 symbols, 0 open, equity=$74.53
2026-06-07 20:55:17,667 [INFO] live.engine: Heartbeat — 18 symbols, 0 open, equity=$74.53
2026-06-07 20:58:48,269 [INFO] live.engine: Heartbeat — 18 symbols, 0 open, equity=$74.53
2026-06-07 21:02:06,636 [INFO] live.engine: Heartbeat — 18 symbols, 0 open, equity=$74.53
2026-06-07 21:05:27,172 [INFO] live.engine: Heartbeat — 18 symbols, 0 open, equity=$74.53
2026-06-07 21:08:42,722 [INFO] live.engine: Heartbeat — 18 symbols, 0 open, equity=$74.53
2026-06-07 21:12:02,331 [INFO] live.engine: Heartbeat — 18 symbols, 0 open, equity=$74.53
2026-06-07 21:15:29,371 [INFO] live.engine: Heartbeat — 18 symbols, 0 open, equity=$74.53
2026-06-07 21:19:18,030 [INFO] live.engine: Heartbeat — 18 symbols, 0 open, equity=$74.53
2026-06-07 21:24:11,688 [INFO] live.engine: Heartbeat — 18 symbols, 0 open, equity=$74.53
2026-06-07 21:28:55,037 [INFO] live.engine: Heartbeat — 18 symbols, 0 open, equity=$74.53
2026-06-07 21:32:39,887 [INFO] live.engine: Heartbeat — 18 symbols, 0 open, equity=$74.53
2026-06-07 21:37:53,237 [INFO] live.engine: Heartbeat — 18 symbols, 0 open, equity=$74.53
2026-06-07 21:40:52,592 [ERROR] exchange.connector: Failed to initialize bybit: bybit GET https://api.bybit.com/v5/market/instruments-info?category=linear&limit=1000&status=PreLaunch
2026-06-07 21:42:49,680 [INFO] live.engine: Heartbeat — 18 symbols, 0 open, equity=$74.53
2026-06-07 21:43:44,420 [ERROR] exchange.connector: Failed to initialize bybit: bybit GET https://api.bybit.com/v5/market/instruments-info?category=inverse&limit=1000&status=PreLaunch
2026-06-07 21:48:38,014 [INFO] live.engine: Heartbeat — 18 symbols, 0 open, equity=$74.53
2026-06-07 21:54:15,291 [INFO] live.engine: Heartbeat — 18 symbols, 0 open, equity=$74.53
2026-06-07 21:59:24,333 [INFO] live.engine: Heartbeat — 18 symbols, 0 open, equity=$74.53
2026-06-07 22:04:00,479 [INFO] live.engine: Heartbeat — 18 symbols, 0 open, equity=$74.53
2026-06-07 22:08:40,131 [INFO] live.engine: Heartbeat — 18 symbols, 0 open, equity=$74.53
2026-06-07 22:13:14,061 [INFO] live.engine: Heartbeat — 18 symbols, 0 open, equity=$74.53
2026-06-07 22:17:58,692 [INFO] live.engine: Heartbeat — 18 symbols, 0 open, equity=$74.53
2026-06-07 22:23:15,525 [INFO] live.engine: Heartbeat — 18 symbols, 0 open, equity=$74.53
2026-06-07 22:27:42,668 [INFO] live.engine: Heartbeat — 18 symbols, 0 open, equity=$74.53
2026-06-07 22:32:10,418 [INFO] live.engine: Heartbeat — 18 symbols, 0 open, equity=$74.53
2026-06-07 22:36:39,415 [INFO] live.engine: Heartbeat — 18 symbols, 0 open, equity=$74.53
2026-06-07 22:41:43,905 [INFO] live.engine: Heartbeat — 18 symbols, 0 open, equity=$74.53
2026-06-07 22:46:12,074 [INFO] live.engine: Heartbeat — 18 symbols, 0 open, equity=$74.53
2026-06-07 22:50:44,774 [INFO] live.engine: Heartbeat — 18 symbols, 0 open, equity=$74.53
2026-06-07 22:55:05,653 [INFO] live.engine: Heartbeat — 18 symbols, 0 open, equity=$74.53
2026-06-07 22:59:28,149 [INFO] live.engine: Heartbeat — 18 symbols, 0 open, equity=$74.53
2026-06-07 23:03:41,246 [INFO] live.engine: Heartbeat — 18 symbols, 0 open, equity=$74.53
2026-06-07 23:07:59,015 [INFO] live.engine: Heartbeat — 18 symbols, 0 open, equity=$74.53
2026-06-07 23:11:29,451 [INFO] live.engine: Heartbeat — 18 symbols, 0 open, equity=$74.53
2026-06-07 23:14:56,160 [INFO] live.engine: Heartbeat — 18 symbols, 0 open, equity=$74.53
2026-06-07 23:18:02,493 [INFO] live.engine: Heartbeat — 18 symbols, 0 open, equity=$74.53
2026-06-07 23:21:50,615 [INFO] live.engine: Heartbeat — 18 symbols, 0 open, equity=$74.53
2026-06-07 23:25:50,644 [INFO] live.engine: Heartbeat — 18 symbols, 0 open, equity=$74.53
2026-06-07 23:29:40,262 [INFO] live.engine: Heartbeat — 18 symbols, 0 open, equity=$74.53
2026-06-07 23:33:25,696 [INFO] live.engine: Heartbeat — 18 symbols, 0 open, equity=$74.53
2026-06-07 23:37:18,495 [INFO] live.engine: Heartbeat — 18 symbols, 0 open, equity=$74.53
2026-06-07 23:41:06,394 [INFO] live.engine: Heartbeat — 18 symbols, 0 open, equity=$74.53
2026-06-07 23:44:55,169 [INFO] live.engine: Heartbeat — 18 symbols, 0 open, equity=$74.53
2026-06-07 23:48:41,186 [INFO] live.engine: Heartbeat — 18 symbols, 0 open, equity=$74.53
2026-06-07 23:52:47,927 [INFO] live.engine: Heartbeat — 18 symbols, 0 open, equity=$74.53
2026-06-07 23:56:55,139 [INFO] live.engine: Heartbeat — 18 symbols, 0 open, equity=$74.53
2026-06-08 00:00:58,142 [INFO] live.engine: Heartbeat — 18 symbols, 0 open, equity=$74.53
2026-06-08 00:01:00,716 [INFO] live.engine: BTC/USDT:USDT: new 4H candle 2026-06-07 16:00:00+00:00
2026-06-08 00:01:03,299 [INFO] live.engine: ETH/USDT:USDT: new 4H candle 2026-06-07 16:00:00+00:00
2026-06-08 00:01:06,433 [INFO] live.engine: SOL/USDT:USDT: new 4H candle 2026-06-07 16:00:00+00:00
2026-06-08 00:01:09,678 [INFO] live.engine: BNB/USDT:USDT: new 4H candle 2026-06-07 16:00:00+00:00
2026-06-08 00:01:12,329 [INFO] live.engine: XRP/USDT:USDT: new 4H candle 2026-06-07 16:00:00+00:00
2026-06-08 00:01:14,778 [INFO] live.engine: ADA/USDT:USDT: new 4H candle 2026-06-07 16:00:00+00:00
2026-06-08 00:01:17,762 [INFO] live.engine: DOGE/USDT:USDT: new 4H candle 2026-06-07 16:00:00+00:00
2026-06-08 00:01:20,520 [INFO] live.engine: DOT/USDT:USDT: new 4H candle 2026-06-07 16:00:00+00:00
2026-06-08 00:01:23,505 [INFO] live.engine: AVAX/USDT:USDT: new 4H candle 2026-06-07 16:00:00+00:00
2026-06-08 00:01:26,298 [INFO] live.engine: LINK/USDT:USDT: new 4H candle 2026-06-07 16:00:00+00:00
2026-06-08 00:01:29,100 [INFO] live.engine: UNI/USDT:USDT: new 4H candle 2026-06-07 16:00:00+00:00
2026-06-08 00:01:31,686 [INFO] live.engine: ATOM/USDT:USDT: new 4H candle 2026-06-07 16:00:00+00:00
2026-06-08 00:01:34,786 [INFO] live.engine: LTC/USDT:USDT: new 4H candle 2026-06-07 16:00:00+00:00
2026-06-08 00:01:37,353 [INFO] live.engine: BCH/USDT:USDT: new 4H candle 2026-06-07 16:00:00+00:00
2026-06-08 00:01:39,951 [INFO] live.engine: APT/USDT:USDT: new 4H candle 2026-06-07 16:00:00+00:00
2026-06-08 00:01:42,832 [INFO] live.engine: ARB/USDT:USDT: new 4H candle 2026-06-07 16:00:00+00:00
2026-06-08 00:01:45,592 [INFO] live.engine: OP/USDT:USDT: new 4H candle 2026-06-07 16:00:00+00:00
2026-06-08 00:01:48,146 [INFO] live.engine: SUI/USDT:USDT: new 4H candle 2026-06-07 16:00:00+00:00
2026-06-08 00:04:33,191 [INFO] live.engine: Heartbeat — 18 symbols, 0 open, equity=$74.53
2026-06-08 00:08:19,099 [INFO] live.engine: Heartbeat — 18 symbols, 0 open, equity=$74.53
2026-06-08 00:12:07,847 [INFO] live.engine: Heartbeat — 18 symbols, 0 open, equity=$74.53
2026-06-08 00:15:54,058 [INFO] live.engine: Heartbeat — 18 symbols, 0 open, equity=$74.53
2026-06-08 00:19:42,990 [INFO] live.engine: Heartbeat — 18 symbols, 0 open, equity=$74.53
2026-06-08 00:23:31,219 [INFO] live.engine: Heartbeat — 18 symbols, 0 open, equity=$74.53
2026-06-08 00:27:19,464 [INFO] live.engine: Heartbeat — 18 symbols, 0 open, equity=$74.53
2026-06-08 00:31:04,099 [INFO] live.engine: Heartbeat — 18 symbols, 0 open, equity=$74.53
2026-06-08 00:34:49,067 [INFO] live.engine: Heartbeat — 18 symbols, 0 open, equity=$74.53
2026-06-08 00:38:25,141 [INFO] live.engine: Heartbeat — 18 symbols, 0 open, equity=$74.53
2026-06-08 00:41:52,383 [INFO] live.engine: Heartbeat — 18 symbols, 0 open, equity=$74.53
2026-06-08 00:45:14,832 [INFO] live.engine: Heartbeat — 18 symbols, 0 open, equity=$74.53
2026-06-08 00:48:46,838 [INFO] live.engine: Heartbeat — 18 symbols, 0 open, equity=$74.53
2026-06-08 00:52:15,920 [INFO] live.engine: Heartbeat — 18 symbols, 0 open, equity=$74.53
2026-06-08 00:55:39,494 [INFO] live.engine: Heartbeat — 18 symbols, 0 open, equity=$74.53
2026-06-08 00:59:12,726 [INFO] live.engine: Heartbeat — 18 symbols, 0 open, equity=$74.53
2026-06-08 01:02:37,136 [INFO] live.engine: Heartbeat — 18 symbols, 0 open, equity=$74.53
2026-06-08 01:06:02,501 [INFO] live.engine: Heartbeat — 18 symbols, 0 open, equity=$74.53
2026-06-08 01:09:29,890 [INFO] live.engine: Heartbeat — 18 symbols, 0 open, equity=$74.53
2026-06-08 01:12:49,381 [INFO] live.engine: Heartbeat — 18 symbols, 0 open, equity=$74.53
2026-06-08 01:16:19,736 [INFO] live.engine: Heartbeat — 18 symbols, 0 open, equity=$74.53
2026-06-08 01:19:37,497 [INFO] live.engine: Heartbeat — 18 symbols, 0 open, equity=$74.53
2026-06-08 01:22:57,485 [INFO] live.engine: Heartbeat — 18 symbols, 0 open, equity=$74.53
2026-06-08 01:26:21,516 [INFO] live.engine: Heartbeat — 18 symbols, 0 open, equity=$74.53
2026-06-08 01:29:42,460 [INFO] live.engine: Heartbeat — 18 symbols, 0 open, equity=$74.53
2026-06-08 01:33:02,699 [INFO] live.engine: Heartbeat — 18 symbols, 0 open, equity=$74.53
2026-06-08 01:36:23,976 [INFO] live.engine: Heartbeat — 18 symbols, 0 open, equity=$74.53
2026-06-08 01:39:49,724 [INFO] live.engine: Heartbeat — 18 symbols, 0 open, equity=$74.53
2026-06-08 01:43:02,790 [INFO] live.engine: Heartbeat — 18 symbols, 0 open, equity=$74.53
2026-06-08 01:46:19,998 [INFO] live.engine: Heartbeat — 18 symbols, 0 open, equity=$74.53
2026-06-08 01:49:37,947 [INFO] live.engine: Heartbeat — 18 symbols, 0 open, equity=$74.53
2026-06-08 01:52:54,897 [INFO] live.engine: Heartbeat — 18 symbols, 0 open, equity=$74.53
2026-06-08 01:56:07,371 [INFO] live.engine: Heartbeat — 18 symbols, 0 open, equity=$74.53
2026-06-08 01:59:21,148 [INFO] live.engine: Heartbeat — 18 symbols, 0 open, equity=$74.53
2026-06-08 02:02:31,975 [INFO] live.engine: Heartbeat — 18 symbols, 0 open, equity=$74.53
2026-06-08 02:05:45,176 [INFO] live.engine: Heartbeat — 18 symbols, 0 open, equity=$74.53
2026-06-08 02:09:13,910 [INFO] live.engine: Heartbeat — 18 symbols, 0 open, equity=$74.53
2026-06-08 02:12:33,033 [INFO] live.engine: Heartbeat — 18 symbols, 0 open, equity=$74.53
2026-06-08 02:15:50,000 [INFO] live.engine: Heartbeat — 18 symbols, 0 open, equity=$74.53
2026-06-08 02:19:02,893 [INFO] live.engine: Heartbeat — 18 symbols, 0 open, equity=$74.53
2026-06-08 02:22:19,371 [INFO] live.engine: Heartbeat — 18 symbols, 0 open, equity=$74.53
2026-06-08 02:25:30,757 [INFO] live.engine: Heartbeat — 18 symbols, 0 open, equity=$74.53
2026-06-08 02:29:01,841 [INFO] live.engine: Heartbeat — 18 symbols, 0 open, equity=$74.53
2026-06-08 02:32:17,516 [INFO] live.engine: Heartbeat — 18 symbols, 0 open, equity=$74.53
2026-06-08 02:35:32,659 [INFO] live.engine: Heartbeat — 18 symbols, 0 open, equity=$74.53
2026-06-08 02:38:45,525 [INFO] live.engine: Heartbeat — 18 symbols, 0 open, equity=$74.53
2026-06-08 02:41:52,612 [INFO] live.engine: Heartbeat — 18 symbols, 0 open, equity=$74.53
2026-06-08 02:45:11,926 [INFO] live.engine: Heartbeat — 18 symbols, 0 open, equity=$74.53
2026-06-08 02:48:26,559 [INFO] live.engine: Heartbeat — 18 symbols, 0 open, equity=$74.53
2026-06-08 02:51:38,294 [INFO] live.engine: Heartbeat — 18 symbols, 0 open, equity=$74.53
2026-06-08 02:54:52,411 [INFO] live.engine: Heartbeat — 18 symbols, 0 open, equity=$74.53
2026-06-08 02:58:09,284 [INFO] live.engine: Heartbeat — 18 symbols, 0 open, equity=$74.53
2026-06-08 03:01:27,215 [INFO] live.engine: Heartbeat — 18 symbols, 0 open, equity=$74.53
2026-06-08 03:04:39,853 [INFO] live.engine: Heartbeat — 18 symbols, 0 open, equity=$74.53
2026-06-08 03:07:53,760 [INFO] live.engine: Heartbeat — 18 symbols, 0 open, equity=$74.53
2026-06-08 03:11:06,809 [INFO] live.engine: Heartbeat — 18 symbols, 0 open, equity=$74.53
2026-06-08 03:14:21,371 [INFO] live.engine: Heartbeat — 18 symbols, 0 open, equity=$74.53
2026-06-08 03:17:33,852 [INFO] live.engine: Heartbeat — 18 symbols, 0 open, equity=$74.53
2026-06-08 03:20:47,284 [INFO] live.engine: Heartbeat — 18 symbols, 0 open, equity=$74.53
2026-06-08 03:24:17,035 [INFO] live.engine: Heartbeat — 18 symbols, 0 open, equity=$74.53
2026-06-08 03:27:23,751 [INFO] live.engine: Heartbeat — 18 symbols, 0 open, equity=$74.53
2026-06-08 03:30:27,150 [INFO] live.engine: Heartbeat — 18 symbols, 0 open, equity=$74.53
2026-06-08 03:33:35,514 [INFO] live.engine: Heartbeat — 18 symbols, 0 open, equity=$74.53
2026-06-08 03:36:58,118 [INFO] live.engine: Heartbeat — 18 symbols, 0 open, equity=$74.53
2026-06-08 03:40:01,128 [INFO] live.engine: Heartbeat — 18 symbols, 0 open, equity=$74.53
2026-06-08 03:43:13,715 [INFO] live.engine: Heartbeat — 18 symbols, 0 open, equity=$74.53
2026-06-08 03:46:26,803 [INFO] live.engine: Heartbeat — 18 symbols, 0 open, equity=$74.53
2026-06-08 03:49:39,186 [INFO] live.engine: Heartbeat — 18 symbols, 0 open, equity=$74.53
2026-06-08 03:52:58,216 [INFO] live.engine: Heartbeat — 18 symbols, 0 open, equity=$74.53
2026-06-08 03:56:12,143 [INFO] live.engine: Heartbeat — 18 symbols, 0 open, equity=$74.53
2026-06-08 03:59:33,274 [INFO] live.engine: Heartbeat — 18 symbols, 0 open, equity=$74.53
2026-06-08 04:00:01,109 [INFO] live.engine: BCH/USDT:USDT: new 4H candle 2026-06-07 20:00:00+00:00
2026-06-08 04:00:02,907 [INFO] live.engine: APT/USDT:USDT: new 4H candle 2026-06-07 20:00:00+00:00
2026-06-08 04:00:05,004 [INFO] live.engine: ARB/USDT:USDT: new 4H candle 2026-06-07 20:00:00+00:00
2026-06-08 04:00:08,893 [INFO] live.engine: SUI/USDT:USDT: new 4H candle 2026-06-07 20:00:00+00:00
2026-06-08 04:01:12,612 [INFO] live.engine: BTC/USDT:USDT: new 4H candle 2026-06-07 20:00:00+00:00
2026-06-08 04:01:14,542 [INFO] live.engine: ETH/USDT:USDT: new 4H candle 2026-06-07 20:00:00+00:00
2026-06-08 04:01:16,347 [INFO] live.engine: SOL/USDT:USDT: new 4H candle 2026-06-07 20:00:00+00:00
2026-06-08 04:01:18,191 [INFO] live.engine: BNB/USDT:USDT: new 4H candle 2026-06-07 20:00:00+00:00
2026-06-08 04:01:20,013 [INFO] live.engine: XRP/USDT:USDT: new 4H candle 2026-06-07 20:00:00+00:00
2026-06-08 04:01:21,824 [INFO] live.engine: ADA/USDT:USDT: new 4H candle 2026-06-07 20:00:00+00:00
2026-06-08 04:01:23,574 [INFO] live.engine: DOGE/USDT:USDT: new 4H candle 2026-06-07 20:00:00+00:00
2026-06-08 04:01:25,531 [INFO] live.engine: DOT/USDT:USDT: new 4H candle 2026-06-07 20:00:00+00:00
2026-06-08 04:01:27,343 [INFO] live.engine: AVAX/USDT:USDT: new 4H candle 2026-06-07 20:00:00+00:00
2026-06-08 04:01:29,304 [INFO] live.engine: LINK/USDT:USDT: new 4H candle 2026-06-07 20:00:00+00:00
2026-06-08 04:01:31,130 [INFO] live.engine: UNI/USDT:USDT: new 4H candle 2026-06-07 20:00:00+00:00
2026-06-08 04:01:32,933 [INFO] live.engine: ATOM/USDT:USDT: new 4H candle 2026-06-07 20:00:00+00:00
2026-06-08 04:01:35,016 [INFO] live.engine: LTC/USDT:USDT: new 4H candle 2026-06-07 20:00:00+00:00
2026-06-08 04:01:42,181 [INFO] live.engine: OP/USDT:USDT: new 4H candle 2026-06-07 20:00:00+00:00
2026-06-08 04:02:46,266 [INFO] live.engine: Heartbeat — 18 symbols, 0 open, equity=$74.53
2026-06-08 04:05:53,085 [INFO] live.engine: Heartbeat — 18 symbols, 0 open, equity=$74.53
2026-06-08 04:09:00,502 [INFO] live.engine: Heartbeat — 18 symbols, 0 open, equity=$74.53
2026-06-08 04:12:12,782 [INFO] live.engine: Heartbeat — 18 symbols, 0 open, equity=$74.53
2026-06-08 04:15:27,957 [INFO] live.engine: Heartbeat — 18 symbols, 0 open, equity=$74.53
2026-06-08 04:18:33,953 [INFO] live.engine: Heartbeat — 18 symbols, 0 open, equity=$74.53
2026-06-08 04:21:47,911 [INFO] live.engine: Heartbeat — 18 symbols, 0 open, equity=$74.53
2026-06-08 04:25:00,577 [INFO] live.engine: Heartbeat — 18 symbols, 0 open, equity=$74.53
2026-06-08 04:28:14,298 [INFO] live.engine: Heartbeat — 18 symbols, 0 open, equity=$74.53
2026-06-08 04:31:22,896 [INFO] live.engine: Heartbeat — 18 symbols, 0 open, equity=$74.53
2026-06-08 04:34:32,645 [INFO] live.engine: Heartbeat — 18 symbols, 0 open, equity=$74.53
2026-06-08 04:37:52,344 [INFO] live.engine: Heartbeat — 18 symbols, 0 open, equity=$74.53
2026-06-08 04:41:05,974 [INFO] live.engine: Heartbeat — 18 symbols, 0 open, equity=$74.53
2026-06-08 04:44:21,126 [INFO] live.engine: Heartbeat — 18 symbols, 0 open, equity=$74.53
2026-06-08 04:47:32,198 [INFO] live.engine: Heartbeat — 18 symbols, 0 open, equity=$74.53
2026-06-08 04:50:40,208 [INFO] live.engine: Heartbeat — 18 symbols, 0 open, equity=$74.53
2026-06-08 04:53:53,027 [INFO] live.engine: Heartbeat — 18 symbols, 0 open, equity=$74.53
2026-06-08 04:57:02,394 [INFO] live.engine: Heartbeat — 18 symbols, 0 open, equity=$74.53
2026-06-08 05:00:15,215 [INFO] live.engine: Heartbeat — 18 symbols, 0 open, equity=$74.53
2026-06-08 05:03:26,999 [INFO] live.engine: Heartbeat — 18 symbols, 0 open, equity=$74.53
2026-06-08 05:06:39,098 [INFO] live.engine: Heartbeat — 18 symbols, 0 open, equity=$74.53
2026-06-08 05:09:52,640 [INFO] live.engine: Heartbeat — 18 symbols, 0 open, equity=$74.53
2026-06-08 05:13:03,853 [INFO] live.engine: Heartbeat — 18 symbols, 0 open, equity=$74.53
2026-06-08 05:16:17,441 [INFO] live.engine: Heartbeat — 18 symbols, 0 open, equity=$74.53
2026-06-08 05:19:28,818 [INFO] live.engine: Heartbeat — 18 symbols, 0 open, equity=$74.53
2026-06-08 05:22:43,716 [INFO] live.engine: Heartbeat — 18 symbols, 0 open, equity=$74.53
2026-06-08 05:25:57,888 [INFO] live.engine: Heartbeat — 18 symbols, 0 open, equity=$74.53
2026-06-08 05:29:11,020 [INFO] live.engine: Heartbeat — 18 symbols, 0 open, equity=$74.53
2026-06-08 05:32:24,236 [INFO] live.engine: Heartbeat — 18 symbols, 0 open, equity=$74.53
2026-06-08 05:35:36,028 [INFO] live.engine: Heartbeat — 18 symbols, 0 open, equity=$74.53
2026-06-08 05:38:48,596 [INFO] live.engine: Heartbeat — 18 symbols, 0 open, equity=$74.53
2026-06-08 05:42:00,096 [INFO] live.engine: Heartbeat — 18 symbols, 0 open, equity=$74.53
2026-06-08 05:45:16,866 [INFO] live.engine: Heartbeat — 18 symbols, 0 open, equity=$74.53
2026-06-08 05:48:27,706 [INFO] live.engine: Heartbeat — 18 symbols, 0 open, equity=$74.53
2026-06-08 05:51:45,718 [INFO] live.engine: Heartbeat — 18 symbols, 0 open, equity=$74.53
2026-06-08 05:55:04,159 [INFO] live.engine: Heartbeat — 18 symbols, 0 open, equity=$74.53
2026-06-08 05:58:16,463 [INFO] live.engine: Heartbeat — 18 symbols, 0 open, equity=$74.53
2026-06-08 06:01:24,273 [INFO] live.engine: Heartbeat — 18 symbols, 0 open, equity=$74.53
2026-06-08 06:04:35,824 [INFO] live.engine: Heartbeat — 18 symbols, 0 open, equity=$74.53
2026-06-08 06:07:49,326 [INFO] live.engine: Heartbeat — 18 symbols, 0 open, equity=$74.53
2026-06-08 06:11:00,987 [INFO] live.engine: Heartbeat — 18 symbols, 0 open, equity=$74.53
2026-06-08 06:14:08,043 [INFO] live.engine: Heartbeat — 18 symbols, 0 open, equity=$74.53
2026-06-08 06:17:16,987 [INFO] live.engine: Heartbeat — 18 symbols, 0 open, equity=$74.53
2026-06-08 06:20:22,907 [INFO] live.engine: Heartbeat — 18 symbols, 0 open, equity=$74.53
2026-06-08 06:23:34,674 [INFO] live.engine: Heartbeat — 18 symbols, 0 open, equity=$74.53
2026-06-08 06:26:47,290 [INFO] live.engine: Heartbeat — 18 symbols, 0 open, equity=$74.53
2026-06-08 06:29:59,277 [INFO] live.engine: Heartbeat — 18 symbols, 0 open, equity=$74.53
2026-06-08 06:33:13,097 [INFO] live.engine: Heartbeat — 18 symbols, 0 open, equity=$74.53
2026-06-08 06:36:23,436 [INFO] live.engine: Heartbeat — 18 symbols, 0 open, equity=$74.53
2026-06-08 06:39:35,137 [INFO] live.engine: Heartbeat — 18 symbols, 0 open, equity=$74.53
2026-06-08 06:42:46,043 [INFO] live.engine: Heartbeat — 18 symbols, 0 open, equity=$74.53
2026-06-08 06:46:01,540 [INFO] live.engine: Heartbeat — 18 symbols, 0 open, equity=$74.53
2026-06-08 06:49:12,794 [INFO] live.engine: Heartbeat — 18 symbols, 0 open, equity=$74.53
2026-06-08 06:52:23,850 [INFO] live.engine: Heartbeat — 18 symbols, 0 open, equity=$74.53
2026-06-08 06:55:36,761 [INFO] live.engine: Heartbeat — 18 symbols, 0 open, equity=$74.53
2026-06-08 06:58:44,793 [INFO] live.engine: Heartbeat — 18 symbols, 0 open, equity=$74.53
2026-06-08 07:01:54,886 [INFO] live.engine: Heartbeat — 18 symbols, 0 open, equity=$74.53
2026-06-08 07:05:20,145 [INFO] live.engine: Heartbeat — 18 symbols, 0 open, equity=$74.53
2026-06-08 07:08:33,749 [INFO] live.engine: Heartbeat — 18 symbols, 0 open, equity=$74.53
2026-06-08 07:11:46,367 [INFO] live.engine: Heartbeat — 18 symbols, 0 open, equity=$74.53
2026-06-08 07:14:58,464 [INFO] live.engine: Heartbeat — 18 symbols, 0 open, equity=$74.53
2026-06-08 07:18:04,547 [INFO] live.engine: Heartbeat — 18 symbols, 0 open, equity=$74.53
2026-06-08 07:21:12,614 [INFO] live.engine: Heartbeat — 18 symbols, 0 open, equity=$74.53
2026-06-08 07:24:25,256 [INFO] live.engine: Heartbeat — 18 symbols, 0 open, equity=$74.53
2026-06-08 07:27:37,916 [INFO] live.engine: Heartbeat — 18 symbols, 0 open, equity=$74.53
2026-06-08 07:30:49,994 [INFO] live.engine: Heartbeat — 18 symbols, 0 open, equity=$74.53
2026-06-08 07:34:02,290 [INFO] live.engine: Heartbeat — 18 symbols, 0 open, equity=$74.53
2026-06-08 07:37:15,295 [INFO] live.engine: Heartbeat — 18 symbols, 0 open, equity=$74.53
2026-06-08 07:40:28,636 [INFO] live.engine: Heartbeat — 18 symbols, 0 open, equity=$74.53
2026-06-08 07:43:40,967 [INFO] live.engine: Heartbeat — 18 symbols, 0 open, equity=$74.53
2026-06-08 07:46:53,652 [INFO] live.engine: Heartbeat — 18 symbols, 0 open, equity=$74.53
2026-06-08 07:50:05,845 [INFO] live.engine: Heartbeat — 18 symbols, 0 open, equity=$74.53
2026-06-08 07:53:18,518 [INFO] live.engine: Heartbeat — 18 symbols, 0 open, equity=$74.53
2026-06-08 07:56:27,190 [INFO] live.engine: Heartbeat — 18 symbols, 0 open, equity=$74.53
2026-06-08 07:59:40,216 [INFO] live.engine: Heartbeat — 18 symbols, 0 open, equity=$74.53
2026-06-08 08:00:00,859 [INFO] live.engine: LINK/USDT:USDT: new 4H candle 2026-06-08 00:00:00+00:00
2026-06-08 08:00:02,805 [INFO] live.engine: UNI/USDT:USDT: new 4H candle 2026-06-08 00:00:00+00:00
2026-06-08 08:00:04,624 [INFO] live.engine: ATOM/USDT:USDT: new 4H candle 2026-06-08 00:00:00+00:00
2026-06-08 08:00:06,709 [INFO] live.engine: LTC/USDT:USDT: new 4H candle 2026-06-08 00:00:00+00:00
2026-06-08 08:00:08,664 [INFO] live.engine: BCH/USDT:USDT: new 4H candle 2026-06-08 00:00:00+00:00
2026-06-08 08:00:10,491 [INFO] live.engine: APT/USDT:USDT: new 4H candle 2026-06-08 00:00:00+00:00
2026-06-08 08:00:12,360 [INFO] live.engine: ARB/USDT:USDT: new 4H candle 2026-06-08 00:00:00+00:00
2026-06-08 08:00:14,170 [INFO] live.engine: OP/USDT:USDT: new 4H candle 2026-06-08 00:00:00+00:00
2026-06-08 08:00:16,053 [INFO] live.engine: SUI/USDT:USDT: new 4H candle 2026-06-08 00:00:00+00:00
2026-06-08 08:01:19,961 [INFO] live.engine: BTC/USDT:USDT: new 4H candle 2026-06-08 00:00:00+00:00
2026-06-08 08:01:21,783 [INFO] live.engine: ETH/USDT:USDT: new 4H candle 2026-06-08 00:00:00+00:00
2026-06-08 08:01:23,734 [INFO] live.engine: SOL/USDT:USDT: new 4H candle 2026-06-08 00:00:00+00:00
2026-06-08 08:01:26,000 [INFO] live.engine: BNB/USDT:USDT: new 4H candle 2026-06-08 00:00:00+00:00
2026-06-08 08:01:27,880 [INFO] live.engine: XRP/USDT:USDT: new 4H candle 2026-06-08 00:00:00+00:00
2026-06-08 08:01:29,869 [INFO] live.engine: ADA/USDT:USDT: new 4H candle 2026-06-08 00:00:00+00:00
2026-06-08 08:01:31,666 [INFO] live.engine: DOGE/USDT:USDT: new 4H candle 2026-06-08 00:00:00+00:00
2026-06-08 08:01:33,588 [INFO] live.engine: DOT/USDT:USDT: new 4H candle 2026-06-08 00:00:00+00:00
2026-06-08 08:01:35,385 [INFO] live.engine: AVAX/USDT:USDT: new 4H candle 2026-06-08 00:00:00+00:00
2026-06-08 08:02:40,378 [INFO] run: Shutdown signal received, exiting...
2026-06-08 08:02:59,618 [INFO] live.executor: [LIVE] Leverage 1x, cross margin set for 18 symbols
2026-06-08 08:02:59,622 [INFO] live.engine: Restored 0 open position(s) across 18 symbols
2026-06-08 08:02:59,622 [INFO] live.engine: Bot starting — bybit 18 symbols mode=LIVE
2026-06-08 08:03:05,292 [INFO] live.engine: BTC/USDT:USDT: first candle seen 2026-06-08 00:00:00+00:00 — will not trade this one
2026-06-08 08:03:07,042 [INFO] live.engine: ETH/USDT:USDT: first candle seen 2026-06-08 00:00:00+00:00 — will not trade this one
2026-06-08 08:03:08,894 [INFO] live.engine: SOL/USDT:USDT: first candle seen 2026-06-08 00:00:00+00:00 — will not trade this one
2026-06-08 08:03:10,700 [INFO] live.engine: BNB/USDT:USDT: first candle seen 2026-06-08 00:00:00+00:00 — will not trade this one
2026-06-08 08:03:12,599 [INFO] live.engine: XRP/USDT:USDT: first candle seen 2026-06-08 00:00:00+00:00 — will not trade this one
2026-06-08 08:03:14,394 [INFO] live.engine: ADA/USDT:USDT: first candle seen 2026-06-08 00:00:00+00:00 — will not trade this one
2026-06-08 08:03:16,208 [INFO] live.engine: DOGE/USDT:USDT: first candle seen 2026-06-08 00:00:00+00:00 — will not trade this one
2026-06-08 08:03:18,096 [INFO] live.engine: DOT/USDT:USDT: first candle seen 2026-06-08 00:00:00+00:00 — will not trade this one
2026-06-08 08:03:19,886 [INFO] live.engine: AVAX/USDT:USDT: first candle seen 2026-06-08 00:00:00+00:00 — will not trade this one
2026-06-08 08:03:21,806 [INFO] live.engine: LINK/USDT:USDT: first candle seen 2026-06-08 00:00:00+00:00 — will not trade this one
2026-06-08 08:03:23,582 [INFO] live.engine: UNI/USDT:USDT: first candle seen 2026-06-08 00:00:00+00:00 — will not trade this one
2026-06-08 08:03:25,873 [INFO] live.engine: ATOM/USDT:USDT: first candle seen 2026-06-08 00:00:00+00:00 — will not trade this one
2026-06-08 08:03:27,989 [INFO] live.engine: LTC/USDT:USDT: first candle seen 2026-06-08 00:00:00+00:00 — will not trade this one
2026-06-08 08:03:29,725 [INFO] live.engine: BCH/USDT:USDT: first candle seen 2026-06-08 00:00:00+00:00 — will not trade this one
2026-06-08 08:03:31,719 [INFO] live.engine: APT/USDT:USDT: first candle seen 2026-06-08 00:00:00+00:00 — will not trade this one
2026-06-08 08:03:33,635 [INFO] live.engine: ARB/USDT:USDT: first candle seen 2026-06-08 00:00:00+00:00 — will not trade this one
2026-06-08 08:03:35,603 [INFO] live.engine: OP/USDT:USDT: first candle seen 2026-06-08 00:00:00+00:00 — will not trade this one
2026-06-08 08:03:37,387 [INFO] live.engine: SUI/USDT:USDT: first candle seen 2026-06-08 00:00:00+00:00 — will not trade this one
2026-06-08 08:04:39,192 [INFO] live.engine: Heartbeat — 18 symbols, 0 open, equity=$74.53
2026-06-08 08:07:51,476 [INFO] live.engine: Heartbeat — 18 symbols, 0 open, equity=$74.53
2026-06-08 08:08:17,636 [INFO] run: Shutdown signal received, exiting...
2026-06-08 08:08:30,212 [INFO] live.executor: [LIVE] Leverage 1x, cross margin set for 18 symbols
2026-06-08 08:08:30,215 [INFO] live.engine: Restored 0 open position(s) across 18 symbols
2026-06-08 08:08:30,216 [INFO] live.engine: Bot starting — bybit 18 symbols mode=LIVE
2026-06-08 08:08:35,701 [INFO] live.engine: BTC/USDT:USDT: first candle seen 2026-06-08 00:00:00+00:00 — will not trade this one
2026-06-08 08:08:37,622 [INFO] live.engine: ETH/USDT:USDT: first candle seen 2026-06-08 00:00:00+00:00 — will not trade this one
2026-06-08 08:08:39,397 [INFO] live.engine: SOL/USDT:USDT: first candle seen 2026-06-08 00:00:00+00:00 — will not trade this one
2026-06-08 08:08:41,223 [INFO] live.engine: BNB/USDT:USDT: first candle seen 2026-06-08 00:00:00+00:00 — will not trade this one
2026-06-08 08:08:43,016 [INFO] live.engine: XRP/USDT:USDT: first candle seen 2026-06-08 00:00:00+00:00 — will not trade this one
2026-06-08 08:08:44,984 [INFO] live.engine: ADA/USDT:USDT: first candle seen 2026-06-08 00:00:00+00:00 — will not trade this one
2026-06-08 08:08:47,258 [INFO] live.engine: DOGE/USDT:USDT: first candle seen 2026-06-08 00:00:00+00:00 — will not trade this one
2026-06-08 08:08:49,044 [INFO] live.engine: DOT/USDT:USDT: first candle seen 2026-06-08 00:00:00+00:00 — will not trade this one
2026-06-08 08:08:51,534 [INFO] live.engine: AVAX/USDT:USDT: first candle seen 2026-06-08 00:00:00+00:00 — will not trade this one
2026-06-08 08:08:53,703 [INFO] live.engine: LINK/USDT:USDT: first candle seen 2026-06-08 00:00:00+00:00 — will not trade this one
2026-06-08 08:08:55,382 [INFO] live.engine: UNI/USDT:USDT: first candle seen 2026-06-08 00:00:00+00:00 — will not trade this one
2026-06-08 08:08:56,987 [INFO] live.engine: ATOM/USDT:USDT: first candle seen 2026-06-08 00:00:00+00:00 — will not trade this one
2026-06-08 08:08:58,688 [INFO] live.engine: LTC/USDT:USDT: first candle seen 2026-06-08 00:00:00+00:00 — will not trade this one
2026-06-08 08:09:00,324 [INFO] live.engine: BCH/USDT:USDT: first candle seen 2026-06-08 00:00:00+00:00 — will not trade this one
2026-06-08 08:09:02,048 [INFO] live.engine: APT/USDT:USDT: first candle seen 2026-06-08 00:00:00+00:00 — will not trade this one
2026-06-08 08:09:03,593 [INFO] live.engine: ARB/USDT:USDT: first candle seen 2026-06-08 00:00:00+00:00 — will not trade this one
2026-06-08 08:09:05,168 [INFO] live.engine: OP/USDT:USDT: first candle seen 2026-06-08 00:00:00+00:00 — will not trade this one
2026-06-08 08:09:06,828 [INFO] live.engine: SUI/USDT:USDT: first candle seen 2026-06-08 00:00:00+00:00 — will not trade this one
2026-06-08 08:10:08,627 [INFO] live.engine: Heartbeat — 18 symbols, 0 open, equity=$74.53
2026-06-08 08:13:21,227 [INFO] live.engine: Heartbeat — 18 symbols, 0 open, equity=$74.53
2026-06-08 08:16:32,660 [INFO] live.engine: Heartbeat — 18 symbols, 0 open, equity=$74.53
2026-06-08 08:18:09,007 [INFO] run: Shutdown signal received, exiting...
2026-06-08 08:18:22,759 [INFO] live.executor: [LIVE] Leverage 1x, cross margin set for 18 symbols
2026-06-08 08:18:22,762 [INFO] live.engine: Restored 0 open position(s) across 18 symbols
2026-06-08 08:18:22,763 [INFO] live.engine: Bot starting — bybit 18 symbols mode=LIVE
2026-06-08 08:18:28,209 [INFO] live.engine: BTC/USDT:USDT: first candle seen 2026-06-08 00:00:00+00:00 — will not trade this one
2026-06-08 08:18:29,993 [INFO] live.engine: ETH/USDT:USDT: first candle seen 2026-06-08 00:00:00+00:00 — will not trade this one
2026-06-08 08:18:31,835 [INFO] live.engine: SOL/USDT:USDT: first candle seen 2026-06-08 00:00:00+00:00 — will not trade this one
2026-06-08 08:18:33,627 [INFO] live.engine: BNB/USDT:USDT: first candle seen 2026-06-08 00:00:00+00:00 — will not trade this one
2026-06-08 08:18:35,452 [INFO] live.engine: XRP/USDT:USDT: first candle seen 2026-06-08 00:00:00+00:00 — will not trade this one
2026-06-08 08:18:37,212 [INFO] live.engine: ADA/USDT:USDT: first candle seen 2026-06-08 00:00:00+00:00 — will not trade this one
2026-06-08 08:18:38,965 [INFO] live.engine: DOGE/USDT:USDT: first candle seen 2026-06-08 00:00:00+00:00 — will not trade this one
2026-06-08 08:18:40,929 [INFO] live.engine: DOT/USDT:USDT: first candle seen 2026-06-08 00:00:00+00:00 — will not trade this one
2026-06-08 08:18:42,694 [INFO] live.engine: AVAX/USDT:USDT: first candle seen 2026-06-08 00:00:00+00:00 — will not trade this one
2026-06-08 08:18:45,408 [INFO] live.engine: LINK/USDT:USDT: first candle seen 2026-06-08 00:00:00+00:00 — will not trade this one
2026-06-08 08:18:47,188 [INFO] live.engine: UNI/USDT:USDT: first candle seen 2026-06-08 00:00:00+00:00 — will not trade this one
2026-06-08 08:18:49,264 [INFO] live.engine: ATOM/USDT:USDT: first candle seen 2026-06-08 00:00:00+00:00 — will not trade this one
2026-06-08 08:18:51,169 [INFO] live.engine: LTC/USDT:USDT: first candle seen 2026-06-08 00:00:00+00:00 — will not trade this one
2026-06-08 08:18:52,895 [INFO] live.engine: BCH/USDT:USDT: first candle seen 2026-06-08 00:00:00+00:00 — will not trade this one
2026-06-08 08:18:54,801 [INFO] live.engine: APT/USDT:USDT: first candle seen 2026-06-08 00:00:00+00:00 — will not trade this one
2026-06-08 08:18:56,626 [INFO] live.engine: ARB/USDT:USDT: first candle seen 2026-06-08 00:00:00+00:00 — will not trade this one
2026-06-08 08:18:58,427 [INFO] live.engine: OP/USDT:USDT: first candle seen 2026-06-08 00:00:00+00:00 — will not trade this one
2026-06-08 08:19:00,504 [INFO] live.engine: SUI/USDT:USDT: first candle seen 2026-06-08 00:00:00+00:00 — will not trade this one
2026-06-08 08:20:02,306 [INFO] live.engine: Heartbeat — 18 symbols, 0 open, equity=$74.53
2026-06-08 08:22:53,586 [INFO] run: Shutdown signal received, exiting...
